file,n_vars,n_clauses,error,LCG_orc_mean,LCG_orc_std,LCG_orc_min,LCG_orc_max,LCG_orc_median,LCG_bfc_mean,LCG_bfc_std,LCG_bfc_min,LCG_bfc_max,LCG_bfc_median,LCG_n_nodes,LCG_n_edges,LCG_mean_edge_weight,VCG_orc_mean,VCG_orc_std,VCG_orc_min,VCG_orc_max,VCG_orc_median,VCG_bfc_mean,VCG_bfc_std,VCG_bfc_min,VCG_bfc_max,VCG_bfc_median,VCG_n_nodes,VCG_n_edges,VCG_mean_edge_weight,LCG_BRIDGE_orc_mean,LCG_BRIDGE_orc_std,LCG_BRIDGE_orc_min,LCG_BRIDGE_orc_max,LCG_BRIDGE_orc_median,LCG_BRIDGE_bfc_mean,LCG_BRIDGE_bfc_std,LCG_BRIDGE_bfc_min,LCG_BRIDGE_bfc_max,LCG_BRIDGE_bfc_median,LCG_BRIDGE_n_nodes,LCG_BRIDGE_n_edges,LCG_BRIDGE_mean_edge_weight,LCG_COOC_orc_mean,LCG_COOC_orc_std,LCG_COOC_orc_min,LCG_COOC_orc_max,LCG_COOC_orc_median,LCG_COOC_bfc_mean,LCG_COOC_bfc_std,LCG_COOC_bfc_min,LCG_COOC_bfc_max,LCG_COOC_bfc_median,LCG_COOC_n_nodes,LCG_COOC_n_edges,LCG_COOC_mean_edge_weight,WLIG_orc_mean,WLIG_orc_std,WLIG_orc_min,WLIG_orc_max,WLIG_orc_median,WLIG_bfc_mean,WLIG_bfc_std,WLIG_bfc_min,WLIG_bfc_max,WLIG_bfc_median,WLIG_n_nodes,WLIG_n_edges,WLIG_mean_edge_weight,LCG_SPLIT_s0_orc_mean,LCG_SPLIT_s0_orc_std,LCG_SPLIT_s0_orc_min,LCG_SPLIT_s0_orc_max,LCG_SPLIT_s0_orc_median,LCG_SPLIT_s0_bfc_mean,LCG_SPLIT_s0_bfc_std,LCG_SPLIT_s0_bfc_min,LCG_SPLIT_s0_bfc_max,LCG_SPLIT_s0_bfc_median,LCG_SPLIT_s0_n_nodes,LCG_SPLIT_s0_n_edges,LCG_SPLIT_s0_mean_edge_weight,LCG_SPLIT_s5_orc_mean,LCG_SPLIT_s5_orc_std,LCG_SPLIT_s5_orc_min,LCG_SPLIT_s5_orc_max,LCG_SPLIT_s5_orc_median,LCG_SPLIT_s5_bfc_mean,LCG_SPLIT_s5_bfc_std,LCG_SPLIT_s5_bfc_min,LCG_SPLIT_s5_bfc_max,LCG_SPLIT_s5_bfc_median,LCG_SPLIT_s5_n_nodes,LCG_SPLIT_s5_n_edges,LCG_SPLIT_s5_mean_edge_weight,LCG_SPLIT_s10_orc_mean,LCG_SPLIT_s10_orc_std,LCG_SPLIT_s10_orc_min,LCG_SPLIT_s10_orc_max,LCG_SPLIT_s10_orc_median,LCG_SPLIT_s10_bfc_mean,LCG_SPLIT_s10_bfc_std,LCG_SPLIT_s10_bfc_min,LCG_SPLIT_s10_bfc_max,LCG_SPLIT_s10_bfc_median,LCG_SPLIT_s10_n_nodes,LCG_SPLIT_s10_n_edges,LCG_SPLIT_s10_mean_edge_weight,LCG_SPLIT_s20_orc_mean,LCG_SPLIT_s20_orc_std,LCG_SPLIT_s20_orc_min,LCG_SPLIT_s20_orc_max,LCG_SPLIT_s20_orc_median,LCG_SPLIT_s20_bfc_mean,LCG_SPLIT_s20_bfc_std,LCG_SPLIT_s20_bfc_min,LCG_SPLIT_s20_bfc_max,LCG_SPLIT_s20_bfc_median,LCG_SPLIT_s20_n_nodes,LCG_SPLIT_s20_n_edges,LCG_SPLIT_s20_mean_edge_weight
00004.cnf,18,85,,-0.3908523100830793,0.10818508945808698,-0.675,-0.08333333333333326,-0.38888888888888884,-0.9452779515966329,0.21815686605118578,-1.6111111111111112,-0.33333333333333337,-0.9333333333333333,121,273,,-0.39300241604648806,0.09724718220396143,-0.6111111111111112,-0.04166666666666674,-0.3939393939393938,-0.9636407661505549,0.10854310874340624,-1.2222222222222223,-0.6333333333333333,-0.9696969696969697,103,255,,-0.44386568097064705,0.12647573561715592,-0.8181818181818179,-0.08333333333333326,-0.4166666666666665,-0.9699822813253965,0.2803328756102823,-1.6363636363636362,-0.33333333333333337,-0.8999999999999999,206,443,,-0.0418810869258615,0.07271014335529956,-0.33333333333333237,0.17500000000000016,-0.04022988505747116,-0.5803690669642861,0.29071215003413725,-1.5555555555555556,0.033333333333333326,-0.45977011494252873,121,478,,0.17549619139827177,0.0583359888994715,-0.0470588235294116,0.3015873015873016,0.1785714285714286,-0.3853366639338663,0.3121227007952118,-1.2187499999999998,0.5192307692307693,-0.3999999999999999,36,205,1.2439024390243902,-0.3908523100830793,0.10818508945808698,-0.675,-0.08333333333333326,-0.38888888888888884,-0.9452779515966329,0.21815686605118578,-1.6111111111111112,-0.33333333333333337,-0.9333333333333333,121,273,,-0.37616350920806363,0.15381730037658117,-0.7321428571428572,0.25,-0.38888888888888884,-0.9206974268855459,0.25866855155303214,-1.6111111111111112,0.0,-0.9333333333333333,136,303,,-0.3658437658437659,0.18197323473307245,-0.7333333333333332,0.25,-0.38888888888888906,-0.9051173467840135,0.28704074785974776,-1.6349206349206349,0.0,-0.9333333333333333,151,333,,-0.3515951782173156,0.21625605363403116,-0.7333333333333332,0.25,-0.4166666666666665,-0.8873025158330503,0.318734029811835,-1.6666666666666665,0.0,-0.9333333333333333,181,393,
00007.cnf,26,117,,-0.4500745275944215,0.10025782385006873,-0.7142857142857142,1.1102230246251565e-16,-0.46666666666666656,-1.0080106858953015,0.19420549079756316,-1.646153846153846,-1.1102230246251565e-16,-1.0256410256410255,169,377,,-0.4604306759905975,0.08611036319449442,-0.6190476190476186,-0.16666666666666652,-0.4561403508771935,-0.9801987066788871,0.1383522184364415,-1.2380952380952381,-0.33333333333333337,-1.0,143,351,,-0.4727424187370462,0.13561564783966998,-0.8295454545454541,1.1102230246251565e-16,-0.45454545454545436,-1.0061196009845763,0.2968787105373544,-1.6590909090909092,-1.1102230246251565e-16,-0.9696969696969697,286,611,,-0.0847916762772701,0.07451627391527067,-0.3333333333333328,0.25,-0.08333333333333348,-0.6540586445748429,0.34292728866901595,-1.592731829573935,0.33333333333333326,-0.47916666666666685,169,685,,0.11140321424657348,0.06676545482839459,-0.1499999999999999,0.24999999999999978,0.11666666666666686,-0.5853999593530322,0.2892954367115345,-1.2833333333333332,0.2986425339366515,-0.5849358974358974,52,308,1.1396103896103895,-0.4500745275944215,0.10025782385006873,-0.7142857142857142,1.1102230246251565e-16,-0.46666666666666656,-1.0080106858953015,0.19420549079756316,-1.646153846153846,-1.1102230246251565e-16,-1.0256410256410255,169,377,,-0.4386906432360978,0.1439369458191763,-0.7214285714285718,0.25,-0.46666666666666656,-0.9882344723253815,0.23818077640669783,-1.657142857142857,0.0,-1.0256410256410255,184,407,,-0.4266271538246232,0.17266348675719903,-0.7321428571428572,0.25,-0.4666666666666668,-0.9702338630693726,0.2678499942652004,-1.657142857142857,0.0,-1.0208333333333335,199,437,,-0.4090434109782397,0.21076521789375305,-0.75,0.25,-0.47222222222222254,-0.944960294056263,0.30756920420568096,-1.657142857142857,0.0,-1.0208333333333335,229,497,
00008.cnf,15,73,,-0.38139213587931536,0.10298916935165542,-0.6388888888888891,0.033333333333333215,-0.3809523809523808,-0.9556129530488506,0.21303716199678252,-1.6794871794871795,-0.1333333333333333,-0.9333333333333333,103,234,,-0.3501637662237459,0.10855347240702223,-0.5952380952380951,0.02564102564102566,-0.36231884057970976,-0.9786527007210494,0.11424661454765811,-1.1904761904761905,-0.6666666666666667,-0.9895833333333335,88,219,,-0.4384677706872998,0.11887240212615922,-0.7596153846153846,-0.11111111111111116,-0.42307692307692313,-0.9761142912181694,0.27933000798160107,-1.6794871794871795,-0.3999999999999999,-0.8973684210526316,176,380,,-0.01412356346404906,0.05992149959332837,-0.21666666666666612,0.18181818181818188,-0.014652014652014378,-0.5494753225905461,0.2449788332162067,-1.2847222222222223,-0.06666666666666665,-0.44444444444444453,103,409,,0.22335068106496683,0.04966112462296003,0.10256410256410264,0.346638655462185,0.22077922077922085,-0.2986175338511473,0.28004123199197056,-1.0714285714285714,0.3857142857142856,-0.2952380952380953,30,175,1.2514285714285713,-0.38139213587931536,0.10298916935165542,-0.6388888888888891,0.033333333333333215,-0.3809523809523808,-0.9556129530488506,0.21303716199678252,-1.6794871794871795,-0.1333333333333333,-0.9333333333333333,103,234,,-0.3679870266517993,0.152502955616684,-0.6515151515151514,0.25,-0.38888888888888906,-0.9336787791333248,0.2562761159026333,-1.7142857142857144,0.0,-0.9444444444444444,118,264,,-0.3579880814574692,0.18391267476780485,-0.6500000000000001,0.25,-0.3914141414141413,-0.9168073045624066,0.2873162431524402,-1.7142857142857144,0.0,-0.9545454545454545,133,294,,-0.3413038677931499,0.22112635234007602,-0.6666666666666665,0.25,-0.4063375350140056,-0.8974028560892967,0.32911391927455497,-1.723809523809524,0.0,-0.9901960784313726,163,354,
00011.cnf,30,133,,-0.4588322451958815,0.10077552722534132,-0.7250000000000001,-0.16666666666666652,-0.466666666666667,-1.0235814690360148,0.18231129856226747,-1.6181818181818182,-0.3333333333333335,-1.0476190476190477,193,429,,-0.47684081800914135,0.0851631015252451,-0.6166666666666669,-0.1282051282051282,-0.49019607843137236,-1.0107427835115863,0.1261164943545918,-1.2333333333333334,-0.4761904761904763,-1.0256410256410255,163,399,,-0.4795794273671971,0.13670685372237248,-0.8166666666666669,-0.16666666666666652,-0.46666666666666634,-1.015483094044245,0.29807558730048933,-1.7,-0.3333333333333335,-1.0476190476190477,326,695,,-0.09932720499696408,0.07773387961670224,-0.39236111111111094,0.16666666666666674,-0.10526315789473695,-0.6862409629522505,0.364696476211752,-1.5361552028218695,0.19047619047619035,-0.5166666666666665,193,791,,0.08804073074176605,0.06635455538369511,-0.1607142857142858,0.28125,0.08807369101486756,-0.6799204245220049,0.2896010237435988,-1.393939393939394,0.3666666666666668,-0.7003787878787879,60,362,1.1022099447513811,-0.4588322451958815,0.10077552722534132,-0.7250000000000001,-0.16666666666666652,-0.466666666666667,-1.0235814690360148,0.18231129856226747,-1.6181818181818182,-0.3333333333333335,-1.0476190476190477,193,429,,-0.4444506745977334,0.14363273164012794,-0.7250000000000001,0.25,-0.466666666666667,-1.0035863978674437,0.22914566722444496,-1.6181818181818182,0.0,-1.0476190476190477,208,459,,-0.43409183171884597,0.17104462722630617,-0.7388888888888887,0.25,-0.4772727272727273,-0.9869576807007181,0.2612488726755219,-1.6273291925465838,0.0,-1.0256410256410255,223,489,,-0.4167997704318683,0.20745703781575478,-0.7333333333333332,0.25,-0.47916666666666674,-0.9609497547853325,0.30252759942459556,-1.646153846153846,0.0,-1.0256410256410255,253,549,
00015.cnf,27,121,,-0.4333852721352721,0.10859532136400218,-0.7222222222222223,0.11111111111111094,-0.45833333333333326,-0.9994724933186474,0.20525551335644174,-1.6363636363636362,0.0,-1.0,175,390,,-0.442507490093397,0.09847438461642476,-0.6166666666666667,-0.08333333333333348,-0.45614035087719307,-0.9792565923274927,0.1309076883963558,-1.2333333333333334,-0.4583333333333335,-1.0,148,363,,-0.4651674406816811,0.13524366004441982,-0.8333333333333326,0.11111111111111094,-0.4393939393939392,-1.001831106657056,0.2984810475819613,-1.6666666666666667,0.0,-0.9333333333333333,296,632,,-0.07999779728022055,0.079285898764521,-0.38624338624338606,0.45833333333333337,-0.08333333333333304,-0.6320262003617863,0.32773198828922806,-1.492063492063492,0.8333333333333331,-0.48106060606060624,175,708,,0.11193856315358744,0.06925924953557183,-0.04999999999999982,0.3749999999999999,0.11220238095238105,-0.5510241638237761,0.3087796548353201,-1.3090225563909774,0.4615384615384617,-0.5877990430622009,54,318,1.1415094339622642,-0.4333852721352721,0.10859532136400218,-0.7222222222222223,0.11111111111111094,-0.45833333333333326,-0.9994724933186474,0.20525551335644174,-1.6363636363636362,0.0,-1.0,175,390,,-0.42168444650587505,0.1469810193178932,-0.733333333333333,0.25,-0.45833333333333326,-0.9811269946984233,0.24167117939151075,-1.6363636363636362,0.0,-1.0,190,420,,-0.4113997607330941,0.17236725728585162,-0.7000000000000002,0.25,-0.45238095238095244,-0.9675188946855614,0.2687674421535644,-1.6363636363636362,0.0,-1.0,205,450,,-0.39750626752561735,0.2080625892269399,-0.7090909090909094,0.25,-0.4583333333333335,-0.946388695516359,0.3061450921613936,-1.672514619883041,0.0,-1.0,235,510,
00018.cnf,33,146,,-0.4591319155013422,0.09694894456539922,-0.7596153846153844,-0.023809523809523725,-0.4791666666666665,-1.020153277955826,0.1833443638768896,-1.6515151515151514,-0.3333333333333335,-1.0476190476190477,212,471,,-0.48102622159622027,0.08806977638057314,-0.6190476190476188,-0.09523809523809512,-0.4901960784313726,-1.0033439985294657,0.13380623029646646,-1.2380952380952381,-0.3333333333333335,-1.0208333333333335,179,438,,-0.4791857225343464,0.13169542965052797,-0.8035714285714288,-0.023809523809523725,-0.44999999999999996,-1.0147010445503237,0.2901615408520582,-1.6515151515151514,-0.3333333333333335,-1.0,358,763,,-0.11425333444298263,0.07765094089553547,-0.32467532467532445,0.16666666666666652,-0.1236559139784944,-0.6922109810957698,0.36842580570314176,-1.4974137931034484,0.19047619047619035,-0.4999999999999999,212,868,,0.0601301031802432,0.057823992664302465,-0.11111111111111116,0.2499999999999999,0.06699346405228768,-0.7258290164253677,0.27002315729088516,-1.3394062078272604,0.33333333333333326,-0.7415329768270946,66,397,1.1032745591939546,-0.4591319155013422,0.09694894456539922,-0.7596153846153844,-0.023809523809523725,-0.4791666666666665,-1.020153277955826,0.1833443638768896,-1.6515151515151514,-0.3333333333333335,-1.0476190476190477,212,471,,-0.4498342204771451,0.13700392913731607,-0.7596153846153844,0.25,-0.4791666666666665,-1.0034441964870582,0.2219318689116277,-1.6666666666666667,0.0,-1.0476190476190477,227,501,,-0.43811750605535915,0.1637971866565058,-0.7596153846153844,0.25,-0.4791666666666663,-0.9864123635310078,0.25354886731805976,-1.6666666666666667,0.0,-1.0384615384615385,242,531,,-0.4202105142460472,0.19954255663768308,-0.7916666666666667,0.25,-0.4666666666666668,-0.9640845805820425,0.293495645278783,-1.7032967032967032,0.0,-1.0256410256410255,272,591,
00029.cnf,23,105,,-0.42477010169317864,0.10415169728394225,-0.6833333333333336,-0.16666666666666652,-0.4444444444444444,-0.9955157022464715,0.20012521225616808,-1.6444444444444444,-0.33333333333333337,-1.0,151,338,,-0.43037511197175055,0.09626849418127585,-0.6212121212121209,-0.16666666666666652,-0.4313725490196081,-0.987534402649949,0.12178114729690181,-1.2424242424242424,-0.4761904761904763,-1.0000000000000002,128,315,,-0.459141598466416,0.13118715477308307,-0.8136645962732922,-0.16666666666666652,-0.44999999999999996,-0.9994685515214713,0.2844829956214159,-1.6444444444444444,-0.4583333333333335,-1.0,256,548,,-0.07175083002862188,0.06852318778630755,-0.3083333333333329,0.19047619047619047,-0.07407407407407396,-0.6314189891535402,0.3203551860382186,-1.4666666666666666,0.19047619047619035,-0.45238095238095244,151,611,,0.13807663064565223,0.06220796667827372,-0.07499999999999996,0.3025641025641027,0.14166666666666672,-0.5512697796715604,0.2928603670414577,-1.1677489177489178,0.5692307692307691,-0.5673076923076923,46,273,1.1538461538461537,-0.42477010169317864,0.10415169728394225,-0.6833333333333336,-0.16666666666666652,-0.4444444444444444,-0.9955157022464715,0.20012521225616808,-1.6444444444444444,-0.33333333333333337,-1.0,151,338,,-0.41309102280569676,0.14701568896205627,-0.6833333333333336,0.25,-0.4444444444444444,-0.9769405036388731,0.2418281729473411,-1.6666666666666667,0.0,-1.0,166,368,,-0.4008694098005788,0.17561720991603114,-0.6833333333333336,0.25,-0.4444444444444444,-0.9632385316496663,0.27208692813496854,-1.672514619883041,0.0,-1.0,181,398,,-0.38567711258117116,0.21055964310544562,-0.6833333333333336,0.25,-0.44444444444444464,-0.9385925833877286,0.30878275185172466,-1.6777777777777778,0.0,-1.0,211,458,
00034.cnf,27,121,,-0.4439411514411515,0.10232540751776792,-0.7333333333333332,0.0,-0.45833333333333304,-1.0048508898508899,0.19749249729157684,-1.6333333333333333,-0.33333333333333337,-1.0476190476190477,175,390,,-0.4590460188904525,0.09261385902725926,-0.6166666666666667,-0.16666666666666652,-0.46666666666666656,-1.00594805307676,0.11668485558152349,-1.2333333333333334,-0.6333333333333333,-1.0256410256410255,148,363,,-0.47068350837296535,0.13371071164726736,-0.81140350877193,0.0,-0.4473684210526321,-1.0075863986298699,0.2931668950016485,-1.657142857142857,-0.3333333333333335,-1.0,296,632,,-0.09127387202064588,0.07759832578322522,-0.4292929292929293,0.45833333333333337,-0.09420289855072461,-0.6619737807473269,0.3516674424624681,-1.6095238095238096,0.8333333333333331,-0.4731182795698924,175,711,,0.10523044062727527,0.0703997553494059,-0.14583333333333326,0.33333333333333337,0.10714285714285732,-0.6269082817256596,0.31199371016398936,-1.3214285714285716,0.4999999999999998,-0.6470588235294119,54,321,1.1308411214953271,-0.4439411514411515,0.10232540751776792,-0.7333333333333332,0.0,-0.45833333333333304,-1.0048508898508899,0.19749249729157684,-1.6333333333333333,-0.33333333333333337,-1.0476190476190477,175,390,,-0.43283369078011935,0.14460511535439344,-0.7571428571428573,0.25,-0.46666666666666656,-0.9863899724614011,0.23698937951642796,-1.6388888888888888,0.0,-1.0256410256410255,190,420,,-0.4203940935607602,0.17233800937435012,-0.7662337662337657,0.25,-0.46666666666666656,-0.9683942353942354,0.2695377700513504,-1.675,0.0,-1.0454545454545454,205,450,,-0.4007807162451125,0.2077753746433846,-0.7840909090909087,0.25,-0.46666666666666656,-0.9468617363315506,0.3091885637874234,-1.6888888888888889,0.0,-1.0,235,510,
00036.cnf,18,85,,-0.40089150267721696,0.10195201089285605,-0.669642857142857,-0.08333333333333326,-0.4166666666666665,-0.9791506112934685,0.20884762000652632,-1.6181818181818182,-0.33333333333333337,-1.0,121,273,,-0.4020368750818578,0.095413531793003,-0.6078431372549018,-0.06666666666666665,-0.4166666666666665,-0.9606588635957148,0.11682344337093807,-1.215686274509804,-0.5333333333333333,-0.9895833333333335,103,255,,-0.44868973514571703,0.12124314251741491,-0.8090909090909086,-0.08333333333333326,-0.43333333333333335,-0.9911849875732495,0.2823383617476401,-1.6363636363636362,-0.3333333333333335,-0.9696969696969697,206,443,,-0.028355526173722157,0.06987023382663386,-0.33333333333333326,0.41666666666666674,-0.02597402597402576,-0.5653243315417547,0.26715315187784094,-1.4671052631578947,0.8333333333333331,-0.4731182795698924,121,485,,0.19430937210834556,0.06468247373198815,1.1102230246251565e-16,0.32932692307692313,0.1999999999999998,-0.34356534167265296,0.32112456149868246,-1.1298076923076925,0.44615384615384596,-0.3535714285714287,36,212,1.2028301886792452,-0.40089150267721696,0.10195201089285605,-0.669642857142857,-0.08333333333333326,-0.4166666666666665,-0.9791506112934685,0.20884762000652632,-1.6181818181818182,-0.33333333333333337,-1.0,121,273,,-0.3854962877240105,0.1520137027814996,-0.675,0.25,-0.4166666666666665,-0.9543331714123794,0.2583545963128451,-1.6181818181818182,0.0,-0.9761904761904762,136,303,,-0.37338503106046966,0.18036959818298454,-0.6846153846153846,0.25,-0.4166666666666665,-0.9478383219611292,0.28798211888211706,-1.6363636363636362,0.0,-1.0,151,333,,-0.35446096580086134,0.21510961095562275,-0.7083333333333328,0.25,-0.41666666666666696,-0.9193575800194925,0.3305418743737056,-1.712820512820513,0.0,-1.0,181,393,
00039.cnf,26,117,,-0.4468189524887137,0.10243740757402613,-0.7321428571428572,0.033333333333333215,-0.46666666666666656,-1.0145717383117914,0.19156845457765928,-1.6643356643356644,-0.33333333333333326,-1.0476190476190477,169,377,,-0.450464665308808,0.09571603466795249,-0.6212121212121209,-0.11111111111111116,-0.46666666666666656,-0.9759628880606759,0.12478805540205107,-1.2424242424242424,-0.44444444444444453,-0.9761904761904762,143,351,,-0.4739341423261227,0.13182502698881188,-0.8166666666666669,-0.16666666666666674,-0.4523809523809521,-1.0108543983748566,0.29602018737015023,-1.6643356643356644,-0.4761904761904763,-1.0285714285714285,286,611,,-0.08666048136842996,0.07023304540737019,-0.2970588235294114,0.18181818181818188,-0.08611964260784588,-0.6500314292386029,0.3324131051830177,-1.5073529411764706,-0.06666666666666665,-0.48484848484848475,169,692,,0.1089864971670589,0.06545399561319531,-0.11616161616161635,0.29166666666666674,0.11363636363636354,-0.5790781090488877,0.29007597763120974,-1.1718750000000002,0.2398190045248868,-0.6047619047619051,52,315,1.1142857142857143,-0.4468189524887137,0.10243740757402613,-0.7321428571428572,0.033333333333333215,-0.46666666666666656,-1.0145717383117914,0.19156845457765928,-1.6643356643356644,-0.33333333333333326,-1.0476190476190477,169,377,,-0.4349203016315316,0.14585978354507287,-0.7321428571428572,0.25,-0.46666666666666656,-0.9934252078637107,0.23561159055482292,-1.700534759358289,0.0,-1.0476190476190477,184,407,,-0.42318890110652124,0.17341566341000209,-0.75,0.25,-0.4666666666666668,-0.976699571722455,0.264478782844812,-1.7222222222222223,0.0,-1.0476190476190477,199,437,,-0.40370273162615455,0.21012564369742273,-0.75,0.25,-0.466666666666667,-0.9542333365270991,0.3024293086030588,-1.7777777777777777,0.0,-1.0392156862745099,229,497,
00050.cnf,17,81,,-0.3728817016317016,0.11845670566484229,-0.6931818181818179,0.16666666666666663,-0.38095238095238093,-0.9264979464979466,0.23720596316588988,-1.6666666666666667,-1.1102230246251565e-16,-0.9333333333333333,115,260,,-0.364035730266667,0.08939246558371162,-0.6078431372549018,-0.13333333333333353,-0.3725490196078429,-0.9591557117201636,0.11584440109697629,-1.215686274509804,-0.5833333333333335,-0.9761904761904762,98,243,,-0.4331524301520119,0.1239287739795441,-0.8117647058823521,0.16666666666666663,-0.41666666666666674,-0.9574037600103952,0.27721805303048863,-1.700534759358289,-1.1102230246251565e-16,-0.9090909090909092,196,422,,-0.03256673078961045,0.07492112607527115,-0.269047619047619,0.33333333333333326,-0.033333333333333215,-0.5554570285592422,0.2674115576724669,-1.3714285714285714,0.33333333333333326,-0.45977011494252873,115,449,,0.18979820495926947,0.05818897582831109,1.1102230246251565e-16,0.34191176470588247,0.1875000000000001,-0.35847791718920724,0.28811130200481727,-1.0666666666666667,0.6470588235294119,-0.35353535353535376,34,189,1.2857142857142858,-0.3728817016317016,0.11845670566484229,-0.6931818181818179,0.16666666666666663,-0.38095238095238093,-0.9264979464979466,0.23720596316588988,-1.6666666666666667,-1.1102230246251565e-16,-0.9333333333333333,115,260,,-0.36057527721320826,0.15711070770919844,-0.6805555555555554,0.25,-0.38095238095238093,-0.9117418501039193,0.27014504330815653,-1.6794871794871795,0.0,-0.9333333333333333,130,290,,-0.35152280445249195,0.18337435467144803,-0.6805555555555554,0.25,-0.38888888888888895,-0.8944151855089355,0.29626808730241183,-1.6923076923076923,0.0,-0.9333333333333333,145,320,,-0.3386317588929818,0.21818864857981904,-0.6805555555555554,0.25,-0.392857142857143,-0.8830910765576014,0.3336120569316722,-1.7416666666666667,0.0,-0.9274509803921569,175,380,
00052.cnf,22,101,,-0.4179059444828676,0.11757694672863866,-0.658119658119658,0.0,-0.43939393939393945,-0.984220531605147,0.22389555075492593,-1.623931623931624,-0.33333333333333337,-1.0,145,325,,-0.42536835139983226,0.0982527815997892,-0.6166666666666669,-0.16666666666666652,-0.4358974358974357,-0.9696367585462318,0.13422954037261756,-1.2333333333333334,-0.33333333333333337,-1.0,123,303,,-0.4585652487929528,0.12592297381409376,-0.8194444444444444,-0.08333333333333326,-0.43333333333333357,-0.9942025505592869,0.2818954535085355,-1.6666666666666667,-0.4761904761904763,-0.9696969696969697,246,527,,-0.05621546072920675,0.0780290678951224,-0.3068181818181819,0.45833333333333337,-0.06385281385281383,-0.6207849436791593,0.31654996136817587,-1.418452380952381,0.8333333333333331,-0.4901960784313725,145,585,,0.14847882987953545,0.0667257735893348,-0.07352941176470562,0.31944444444444453,0.15591353091353088,-0.5064495393356453,0.30301900508095736,-1.2063492063492065,0.4285714285714285,-0.5268759018759019,44,260,1.1653846153846155,-0.4179059444828676,0.11757694672863866,-0.658119658119658,0.0,-0.43939393939393945,-0.984220531605147,0.22389555075492593,-1.623931623931624,-0.33333333333333337,-1.0,145,325,,-0.40406982297827376,0.15697619834021173,-0.6746031746031744,0.25,-0.4444444444444442,-0.9687203524175355,0.2575705231725951,-1.6349206349206349,0.0,-1.0,160,355,,-0.3941167998857678,0.18374448487673703,-0.6770833333333333,0.25,-0.4444444444444444,-0.953746782760795,0.28542918920213595,-1.6527777777777777,0.0,-1.0,175,385,,-0.3746063908002111,0.21730661910026747,-0.6826923076923079,0.25,-0.4444444444444444,-0.9277018418207064,0.3221859773152104,-1.694736842105263,0.0,-1.0,205,445,
00065.cnf,14,69,,-0.34284827791615125,0.12542350985992995,-0.6696428571428572,0.0,-0.3666666666666665,-0.8999658335631187,0.24557810551303566,-1.6904761904761905,-0.1333333333333333,-0.9166666666666667,97,221,,-0.3213437370939502,0.10949145026038126,-0.5952380952380949,1.1102230246251565e-16,-0.33333333333333326,-0.9725064672324191,0.12369356791826085,-1.1904761904761905,-0.6666666666666667,-1.0,83,207,,-0.4190189800914035,0.12771155006786503,-0.7888888888888892,0.0,-0.40000000000000036,-0.9433288855990806,0.2648480113566668,-1.6904761904761905,-0.3333333333333335,-0.9090909090909092,166,359,,-0.006816928657441535,0.07242102996621513,-0.2647058823529409,0.23809523809523803,-0.007246376811594013,-0.5191214208824639,0.24168180679758663,-1.388235294117647,0.19047619047619035,-0.435897435897436,97,373,,0.22670418434979198,0.05403853160365541,0.07058823529411762,0.34615384615384626,0.23452380952380958,-0.18306243501725314,0.27121421116798866,-0.9714285714285715,0.6,-0.2100490196078431,28,152,1.361842105263158,-0.34284827791615125,0.12542350985992995,-0.6696428571428572,0.0,-0.3666666666666665,-0.8999658335631187,0.24557810551303566,-1.6904761904761905,-0.1333333333333333,-0.9166666666666667,97,221,,-0.33139354005887867,0.1635482627430886,-0.6746031746031746,0.25,-0.3666666666666667,-0.8880163329366517,0.2832784758668999,-1.7333333333333334,0.0,-0.9333333333333333,112,251,,-0.3249818192878691,0.18912327249783376,-0.6746031746031746,0.25,-0.3666666666666669,-0.8761162325219266,0.3051547658560755,-1.7333333333333334,0.0,-0.9333333333333333,127,281,,-0.3139401023381962,0.22119732417735594,-0.6857142857142859,0.25,-0.3809523809523807,-0.8677572549639999,0.3429752745752685,-1.7490196078431373,0.0,-0.9333333333333336,157,341,
00066.cnf,32,142,,-0.4386325798170776,0.11243411912920193,-0.6904761904761907,0.06666666666666665,-0.45238095238095244,-0.99355903073152,0.21081896985342619,-1.6333333333333333,0.06666666666666665,-1.0,206,458,,-0.4624287661155929,0.09810784134317346,-0.6166666666666669,-0.08333333333333326,-0.47291666666666665,-1.0054163913888439,0.12897521517983174,-1.2333333333333334,-0.4583333333333335,-1.0208333333333335,174,426,,-0.4680415404924201,0.14052581411225434,-0.8263888888888884,0.06666666666666665,-0.4473684210526321,-0.9983472193306921,0.3043548375178918,-1.6527777777777777,0.06666666666666665,-1.0,348,742,,-0.10567496060225516,0.08662656591993015,-0.3781512605042012,0.41666666666666674,-0.10919540229885083,-0.6655993600491356,0.3656677635618251,-1.5852842809364547,0.8333333333333331,-0.4901960784313725,206,829,,0.07557162137035799,0.06903423495202125,-0.16428571428571437,0.375,0.07916666666666705,-0.6514007357932088,0.30646533673660314,-1.3385416666666667,0.5,-0.6794871794871795,64,371,1.1482479784366577,-0.4386325798170776,0.11243411912920193,-0.6904761904761907,0.06666666666666665,-0.45238095238095244,-0.99355903073152,0.21081896985342619,-1.6333333333333333,0.06666666666666665,-1.0,206,458,,-0.427425147712033,0.14790670258850883,-0.7023809523809521,0.25,-0.4523809523809521,-0.9811623770127869,0.24192641335008752,-1.646153846153846,0.06666666666666665,-1.0,221,488,,-0.41708778673064384,0.17269196426351682,-0.7023809523809521,0.25,-0.45238095238095244,-0.9653590992876707,0.2737630249894163,-1.6643356643356644,0.06666666666666665,-1.0,236,518,,-0.39978876371609934,0.20387856254935077,-0.7232142857142854,0.25,-0.45238095238095244,-0.9388222888222889,0.31058938276050607,-1.6643356643356644,0.06666666666666665,-1.0,266,578,
00068.cnf,30,133,,-0.44093861978477367,0.11682488924092486,-0.7083333333333337,0.08333333333333348,-0.46666666666666656,-0.9963200617046771,0.22802044714399183,-1.6515151515151514,0.16666666666666652,-1.0256410256410255,193,429,,-0.4558762159253325,0.09431363705093776,-0.6190476190476186,-0.13725490196078427,-0.47619047619047605,-0.9955987291420497,0.1280095039802708,-1.2380952380952381,-0.4761904761904763,-1.0175438596491229,163,399,,-0.46937865292181835,0.13523702794996625,-0.8379629629629637,0.0,-0.45833333333333326,-1.0017253010778189,0.29426224410607066,-1.675925925925926,0.0,-1.0,326,695,,-0.09513794129524737,0.08703040297252926,-0.39102564102564097,0.45833333333333337,-0.10256410256410242,-0.6510690249734399,0.3540976728067065,-1.60515873015873,0.8333333333333331,-0.48484848484848475,193,781,,0.0893928526748723,0.06471078565632633,-0.1410256410256412,0.2499999999999999,0.09530873753009977,-0.5953337315703296,0.32623914001789894,-1.2120879120879122,0.4999999999999998,-0.6297348484848484,60,352,1.1335227272727273,-0.44093861978477367,0.11682488924092486,-0.7083333333333337,0.08333333333333348,-0.46666666666666656,-0.9963200617046771,0.22802044714399183,-1.6515151515151514,0.16666666666666652,-1.0256410256410255,193,429,,-0.42952750166802456,0.15100590768527136,-0.7083333333333337,0.25,-0.4642857142857144,-0.9808521362442931,0.2584388403519967,-1.6515151515151514,0.16666666666666652,-1.0256410256410255,208,459,,-0.419072093640224,0.17512028484753306,-0.7222222222222219,0.25,-0.46666666666666656,-0.970177178984089,0.28156783012722303,-1.6643356643356644,0.16666666666666652,-1.0256410256410255,223,489,,-0.40089908168204186,0.2078524722980557,-0.7571428571428569,0.25,-0.4642857142857144,-0.9473792644972161,0.31606281224948957,-1.715686274509804,0.16666666666666652,-1.0454545454545454,253,549,
00076.cnf,17,81,,-0.3878977059265521,0.10382350394453085,-0.6414141414141414,-0.023809523809523725,-0.3939393939393937,-0.9681684768223231,0.21242166836457285,-1.6,-0.33333333333333337,-0.9696969696969697,115,260,,-0.38191547990882924,0.10298677848867714,-0.5999999999999999,-0.06060606060606055,-0.38888888888888884,-0.97509160549714,0.11336322065052677,-1.2000000000000002,-0.6333333333333333,-1.0,98,243,,-0.4397960484749584,0.12662320447774858,-0.784090909090909,-0.09523809523809512,-0.4285714285714286,-0.9837745982295746,0.291106178028839,-1.6515151515151514,-0.4761904761904763,-0.8838383838383839,196,422,,-0.02793100657489767,0.06268543674120361,-0.2276785714285714,0.14285714285714302,-0.03274853801169586,-0.550969146427366,0.24628365847098851,-1.3692307692307693,-0.16666666666666685,-0.45977011494252873,115,460,,0.19926962659373657,0.05256251231582352,0.0714285714285714,0.3321678321678322,0.19444444444444442,-0.3385845056144979,0.32245879193938154,-1.1250000000000002,0.625,-0.33661948431685274,34,200,1.215,-0.3878977059265521,0.10382350394453085,-0.6414141414141414,-0.023809523809523725,-0.3939393939393937,-0.9681684768223231,0.21242166836457285,-1.6,-0.33333333333333337,-0.9696969696969697,115,260,,-0.3705952428797256,0.15052224171577525,-0.6227272727272732,0.25,-0.38888888888888895,-0.9506892341375102,0.2550373122713791,-1.6181818181818182,0.0,-0.9696969696969697,130,290,,-0.36372352142342945,0.18192714519907915,-0.6227272727272732,0.25,-0.4166666666666665,-0.9342802089148596,0.2861314838026939,-1.6527777777777777,0.0,-0.9696969696969697,145,320,,-0.3453200551394905,0.2172620601581262,-0.6447368421052633,0.25,-0.4166666666666665,-0.9106183854596149,0.327436742834642,-1.6823529411764706,0.0,-0.9696969696969697,175,380,
00077.cnf,22,101,,-0.4319124209124209,0.09352026556658082,-0.6349206349206347,-0.04166666666666674,-0.4444444444444444,-1.014929070929071,0.19518945089668305,-1.6515151515151514,-0.3333333333333335,-1.0476190476190477,145,325,,-0.4293471563273542,0.09472196664816979,-0.6041666666666665,-0.06666666666666665,-0.4358974358974359,-0.9637228741189136,0.1369936838022791,-1.2083333333333335,-0.5333333333333332,-0.9761904761904762,123,303,,-0.4651747893683378,0.12394615332606998,-0.7749999999999999,-0.16666666666666652,-0.41666666666666696,-1.0122379939267985,0.2918154190029829,-1.6515151515151514,-0.3333333333333335,-0.9696969696969697,246,527,,-0.05368226328898501,0.07057561246373038,-0.2380382775119616,0.2222222222222222,-0.05654761904761885,-0.6172074301682883,0.29646726855509714,-1.395658263305322,-1.1102230246251565e-16,-0.5045045045045046,145,594,,0.15177075048718686,0.062368581354300734,-0.03571428571428559,0.3318181818181818,0.15909090909090895,-0.4969144112282039,0.309103381625701,-1.3130252100840338,0.618181818181818,-0.493006993006993,44,269,1.1263940520446096,-0.4319124209124209,0.09352026556658082,-0.6349206349206347,-0.04166666666666674,-0.4444444444444444,-1.014929070929071,0.19518945089668305,-1.6515151515151514,-0.3333333333333335,-1.0476190476190477,145,325,,-0.41742376888410987,0.14291078335431803,-0.6527777777777772,0.25,-0.4444444444444444,-0.9917380494474638,0.24267499202210102,-1.6753246753246753,0.0,-1.0476190476190477,160,355,,-0.404857219183945,0.172067810012349,-0.6527777777777772,0.25,-0.4444444444444444,-0.9718792379489576,0.275395157206832,-1.6931818181818181,0.0,-1.0476190476190477,175,385,,-0.3865142683061075,0.21146093051188017,-0.6750000000000003,0.25,-0.45238095238095255,-0.940035846767071,0.3181781976004022,-1.7416666666666667,0.0,-1.0,205,445,
00078.cnf,39,171,,-0.4682686853203158,0.10284217178991524,-0.732142857142857,0.16666666666666663,-0.48484848484848486,-1.0239042660238313,0.19608748012024207,-1.646153846153846,-1.1102230246251565e-16,-1.0476190476190477,249,552,,-0.4876427834546169,0.08563962815608665,-0.6190476190476188,-0.16666666666666674,-0.5,-1.0089661426305734,0.13285193119546948,-1.2380952380952381,-0.5555555555555556,-1.0256410256410255,210,513,,-0.4837077833302666,0.14119680151345415,-0.823076923076923,-0.08333333333333326,-0.4666666666666668,-1.0169195830269657,0.306348380153992,-1.646153846153846,-0.08333333333333348,-1.0365079365079364,420,894,,-0.13094320246130334,0.08407515442482069,-0.41353383458646653,0.33333333333333326,-0.13812229437229484,-0.6886577400327208,0.3697099104901877,-1.5317460317460319,0.33333333333333326,-0.4901960784313725,249,1022,,0.03578691896187956,0.06851331901976199,-0.17500000000000027,0.23076923076923084,0.036038961038961204,-0.6856692204085106,0.29195873957385926,-1.2577639751552798,0.3272727272727274,-0.7108416945373468,78,470,1.0914893617021277,-0.4682686853203158,0.10284217178991524,-0.732142857142857,0.16666666666666663,-0.48484848484848486,-1.0239042660238313,0.19608748012024207,-1.646153846153846,-1.1102230246251565e-16,-1.0476190476190477,249,552,,-0.45666375911221274,0.1362964867917218,-0.732142857142857,0.25,-0.4820075757575757,-1.009026983898118,0.22706959473491015,-1.646153846153846,0.0,-1.0476190476190477,264,582,,-0.4471790579129103,0.1603404330290584,-0.75,0.25,-0.48484848484848464,-0.9995689562370647,0.24472144058320175,-1.6823529411764706,0.0,-1.0476190476190477,279,612,,-0.4318266101718874,0.1944507755115818,-0.7518796992481205,0.25,-0.48484848484848486,-0.9770750035435187,0.2848494831381669,-1.6888888888888889,0.0,-1.0476190476190477,309,672,
00103.cnf,29,129,,-0.45726890297202805,0.09614114532268901,-0.7333333333333334,-0.09999999999999987,-0.4791666666666665,-1.0299891081141082,0.1855228799092167,-1.6333333333333333,-0.3333333333333335,-1.0476190476190477,187,416,,-0.4724042774202373,0.0817976557160606,-0.6166666666666665,-0.16666666666666652,-0.4791666666666665,-0.9942795181081777,0.12640251043119882,-1.2333333333333334,-0.33333333333333337,-1.0000000000000002,158,387,,-0.4773345692921535,0.13606518686071342,-0.820855614973262,-0.09999999999999987,-0.44444444444444453,-1.0202483718062354,0.2970281147048975,-1.700534759358289,-0.3333333333333335,-1.0222222222222221,316,674,,-0.09398400762718405,0.07737250764476633,-0.39495798319327724,0.19047619047619035,-0.09999999999999998,-0.6748687177828421,0.3516685718401136,-1.5045454545454544,0.19047619047619035,-0.4999999999999999,187,770,,0.09770113739816476,0.06923159245485914,-0.10714285714285698,0.3076923076923077,0.09722222222222238,-0.6413818122113467,0.31508610653975544,-1.3485958485958487,0.5192307692307692,-0.6788289835164836,58,354,1.0932203389830508,-0.45726890297202805,0.09614114532268901,-0.7333333333333334,-0.09999999999999987,-0.4791666666666665,-1.0299891081141082,0.1855228799092167,-1.6333333333333333,-0.3333333333333335,-1.0476190476190477,187,416,,-0.4454712853624229,0.13972819654494315,-0.7333333333333334,0.25,-0.47676282051282026,-1.0113493100925246,0.22813383584777705,-1.6333333333333333,0.0,-1.0476190476190477,202,446,,-0.43469518051976036,0.1672316351775391,-0.7437500000000001,0.25,-0.4791666666666665,-0.9936085914552301,0.2589865317572278,-1.675,0.0,-1.0476190476190477,217,476,,-0.4159711401782297,0.20502706796219386,-0.7611111111111111,0.25,-0.47916666666666663,-0.9666358062052289,0.3017257717313315,-1.6888888888888889,0.0,-1.0476190476190477,247,536,
00109.cnf,26,117,,-0.426163925964987,0.11844715739429497,-0.6969696969696968,0.0,-0.45238095238095233,-0.9872004579564263,0.21781180850666698,-1.646153846153846,-0.1333333333333333,-1.0,169,377,,-0.43687064522911684,0.10077861417926993,-0.6190476190476191,-0.16666666666666652,-0.4358974358974359,-0.9836859765655644,0.15059676963507942,-1.2380952380952381,-0.33333333333333337,-1.0208333333333335,143,351,,-0.46154522191756236,0.1363017767426932,-0.8397435897435896,0.0,-0.4500000000000002,-0.9951654773667866,0.29735621480803154,-1.6794871794871795,-0.1333333333333333,-0.9333333333333333,286,611,,-0.07809024079249687,0.08544653388734287,-0.34074074074074057,0.23809523809523814,-0.08333333333333348,-0.6405862352925227,0.3393156070745606,-1.4848484848484849,0.19047619047619035,-0.4901960784313725,169,679,,0.10973747014358629,0.07086374628822972,-0.125,0.27450980392156876,0.11904761904761912,-0.575729180072652,0.2960118796990614,-1.298701298701299,0.45833333333333326,-0.5789473684210528,52,302,1.1622516556291391,-0.426163925964987,0.11844715739429497,-0.6969696969696968,0.0,-0.45238095238095233,-0.9872004579564263,0.21781180850666698,-1.646153846153846,-0.1333333333333333,-1.0,169,377,,-0.4150703241612332,0.1536384958441604,-0.6875,0.25,-0.45238095238095233,-0.9703955135773317,0.2527048232521916,-1.657142857142857,0.0,-1.0,184,407,,-0.4033738509138967,0.1789275697276642,-0.6875,0.25,-0.45238095238095233,-0.9544113114193206,0.2816529670077588,-1.6931818181818181,0.0,-1.0,199,437,,-0.38900014546953454,0.21330114952075846,-0.7242647058823528,0.25,-0.45238095238095233,-0.9374067039178452,0.3171348048298945,-1.722943722943723,0.0,-1.0,229,497,
00110.cnf,30,133,,-0.4512423053506969,0.09281853975911264,-0.7083333333333333,-0.09523809523809512,-0.46666666666666656,-1.018828283863249,0.1788248030928227,-1.6794871794871795,-0.33333333333333337,-1.0476190476190477,193,429,,-0.4677735785276393,0.08883939963355682,-0.6231884057971013,-0.09523809523809512,-0.4848484848484844,-0.9944395604078489,0.132565805845397,-1.2463768115942029,-0.5333333333333332,-1.0000000000000002,163,399,,-0.47316097712415944,0.1334717820838875,-0.8374999999999999,-0.16666666666666674,-0.44999999999999996,-1.0123275765002384,0.28815434477771723,-1.6794871794871795,-0.5,-1.0,326,695,,-0.10278255369174684,0.0741624387844714,-0.39285714285714324,0.19047619047619047,-0.10803571428571512,-0.6745574480897559,0.35280547396705925,-1.5476190476190477,0.19047619047619035,-0.4901960784313725,193,789,,0.08454545973605575,0.06243952446574073,-0.1381578947368418,0.22115384615384603,0.08566176470588233,-0.681190952112265,0.2806675038268823,-1.3463203463203464,0.30000000000000004,-0.6999999999999997,60,360,1.1083333333333334,-0.4512423053506969,0.09281853975911264,-0.7083333333333333,-0.09523809523809512,-0.46666666666666656,-1.018828283863249,0.1788248030928227,-1.6794871794871795,-0.33333333333333337,-1.0476190476190477,193,429,,-0.4379984116267226,0.13599438667875555,-0.7083333333333333,0.25,-0.46666666666666656,-1.0001064428825008,0.22258118304139415,-1.6794871794871795,0.0,-1.0476190476190477,208,459,,-0.4254463832846138,0.16383857267363613,-0.7083333333333333,0.25,-0.4583333333333335,-0.982549495554016,0.2538146803631482,-1.7222222222222223,0.0,-1.0454545454545454,223,489,,-0.4080374824155382,0.20059975935265503,-0.7321428571428572,0.25,-0.46666666666666656,-0.955700518125022,0.29606036877001973,-1.7333333333333334,0.0,-1.0476190476190477,253,549,
00112.cnf,25,113,,-0.4281184589220303,0.10458997768134622,-0.6904761904761902,-0.08333333333333326,-0.44444444444444453,-0.9916487282558712,0.2003328495956529,-1.6515151515151514,-0.33333333333333337,-1.0,163,364,,-0.4406911275524114,0.09394454484572774,-0.6190476190476188,-0.16666666666666674,-0.45238095238095233,-0.9791723878527626,0.13740389281734913,-1.2380952380952381,-0.5555555555555556,-1.0,138,339,,-0.4615262491745542,0.12786367580736802,-0.80909090909091,-0.16666666666666652,-0.4384469696969696,-0.9969681072223445,0.2839548309722512,-1.6848484848484848,-0.4583333333333335,-0.9696969696969697,276,590,,-0.07342275494178795,0.07892447273080092,-0.3214285714285716,0.23809523809523814,-0.07645502645502622,-0.631359026116396,0.3251456354657203,-1.5247252747252746,0.19047619047619035,-0.49523809523809514,163,656,,0.12659948233452464,0.06456804867127576,-0.05882352941176472,0.3030303030303031,0.13214285714285706,-0.5365964916177697,0.30307238506706646,-1.2166666666666668,0.643939393939394,-0.5571895424836599,50,292,1.1609589041095891,-0.4281184589220303,0.10458997768134622,-0.6904761904761902,-0.08333333333333326,-0.44444444444444453,-0.9916487282558712,0.2003328495956529,-1.6515151515151514,-0.33333333333333337,-1.0,163,364,,-0.4143549295866955,0.14703500900020414,-0.7125000000000001,0.25,-0.44444444444444453,-0.9694008013537803,0.24788630353324886,-1.6666666666666667,0.0,-1.0,178,394,,-0.40594600360485483,0.17433369735494705,-0.7333333333333332,0.25,-0.44444444444444453,-0.9545426953272403,0.272979312039709,-1.6904761904761905,0.0,-1.0,193,424,,-0.38901419942073806,0.20986606827538506,-0.7424242424242418,0.25,-0.44444444444444464,-0.9286974065474308,0.3124220407682678,-1.715686274509804,0.0,-1.0,223,484,
00117.cnf,24,109,,-0.42165118831785503,0.11924868669243453,-0.721590909090909,0.0,-0.4444444444444442,-0.9698413726191504,0.236087535185069,-1.6515151515151514,-0.1333333333333333,-1.0,157,351,,-0.43537280163022196,0.10206132218169764,-0.6212121212121209,-0.09523809523809512,-0.4444444444444442,-0.9736735482575563,0.13981534227045225,-1.2424242424242424,-0.5333333333333332,-1.0,133,327,,-0.45994561780615745,0.12881530315899556,-0.848888888888889,-0.04166666666666674,-0.4411764705882353,-0.9864368068151796,0.2858048161653084,-1.6977777777777778,-0.30000000000000004,-0.9333333333333333,266,569,,-0.07864607930122969,0.07934060071130108,-0.31501831501831434,0.2222222222222222,-0.08333333333333326,-0.6339752252638515,0.33242070232823384,-1.6026785714285714,0.19047619047619035,-0.48484848484848475,157,629,,0.12188189179977332,0.0691704234904843,-0.12637362637362637,0.30208333333333337,0.12500000000000006,-0.5627542650235704,0.3283354559638313,-1.3035714285714288,0.4444444444444443,-0.5850000000000001,48,278,1.1762589928057554,-0.42165118831785503,0.11924868669243453,-0.721590909090909,0.0,-0.4444444444444442,-0.9698413726191504,0.236087535185069,-1.6515151515151514,-0.1333333333333333,-1.0,157,351,,-0.4096080792931186,0.15724988785404673,-0.7291666666666667,0.25,-0.4444444444444444,-0.9502678642442423,0.2708362200691603,-1.6777777777777778,0.0,-1.0,172,381,,-0.3986555608013316,0.1810332635144142,-0.7291666666666667,0.25,-0.4444444444444444,-0.9358799458735054,0.2913101670415693,-1.6904761904761905,0.0,-1.0,187,411,,-0.38400403282381546,0.21564562737194956,-0.766666666666667,0.25,-0.44444444444444464,-0.918182163367626,0.32092449520781774,-1.7285067873303168,0.0,-1.0,217,471,
00123.cnf,16,77,,-0.36386427337844346,0.11235691747208332,-0.657692307692308,-0.06666666666666665,-0.3666666666666667,-0.9282914791011958,0.22551987687720473,-1.6515151515151514,-0.1333333333333333,-0.9333333333333333,109,247,,-0.34526703455274876,0.1165641638753381,-0.6190476190476184,-0.06666666666666687,-0.33333333333333326,-0.9859378881700311,0.12855995100691395,-1.2380952380952381,-0.4761904761904763,-1.0000000000000002,93,231,,-0.42761340903485545,0.12178546317999894,-0.8340909090909088,-0.08333333333333326,-0.4166666666666665,-0.9598458067285998,0.27154445205493616,-1.7181818181818183,-0.5,-0.9166666666666667,186,401,,-0.02748371649315043,0.06954599827706179,-0.2250000000000001,0.1515151515151516,-0.03321078431372537,-0.5474141949978059,0.2606485432911194,-1.2722222222222221,-0.06666666666666665,-0.42666666666666686,109,424,,0.1976646783850174,0.05129795536320968,-0.019230769230769162,0.3301282051282053,0.19545454545454555,-0.31085351191034144,0.3192978712343101,-1.1095238095238096,0.6025641025641026,-0.3392857142857144,32,177,1.305084745762712,-0.36386427337844346,0.11235691747208332,-0.657692307692308,-0.06666666666666665,-0.3666666666666667,-0.9282914791011958,0.22551987687720473,-1.6515151515151514,-0.1333333333333333,-0.9333333333333333,109,247,,-0.35451486233499396,0.1542846192961428,-0.6529411764705886,0.25,-0.3725490196078429,-0.908819181573482,0.26353395913132405,-1.6823529411764706,0.0,-0.9333333333333333,124,277,,-0.3429912269608571,0.18094294795909527,-0.6529411764705886,0.25,-0.3809523809523807,-0.89506497154035,0.28854766945101407,-1.7032967032967032,0.0,-0.9333333333333333,139,307,,-0.3271049087686369,0.21399557589711396,-0.6787330316742082,0.25,-0.38888888888888884,-0.8785846172847296,0.3216880990111504,-1.7285067873303168,0.0,-0.9444444444444444,169,367,
00148.cnf,22,101,,-0.4382385435077743,0.09731981032238433,-0.69047619047619,-0.16666666666666652,-0.45238095238095233,-1.00938179768949,0.19142354172018727,-1.5961538461538463,-0.5,-1.0476190476190477,145,325,,-0.4390371174871373,0.09136945749885403,-0.6140350877192986,-0.1282051282051282,-0.4444444444444442,-0.9705631229636534,0.12012746970946118,-1.2280701754385965,-0.4761904761904763,-0.9743589743589745,123,303,,-0.46740346676304934,0.12866818900844848,-0.8015873015873014,-0.16666666666666652,-0.4583333333333335,-1.0071938287308306,0.29145913804944296,-1.6349206349206349,-0.5,-1.0,246,527,,-0.059813970295845544,0.06538619962311602,-0.30000000000000027,0.16666666666666663,-0.06410256410256387,-0.624361809573835,0.30220006733619725,-1.568,-0.06666666666666665,-0.4901960784313725,145,592,,0.15079577881544182,0.05503582959125617,-0.033333333333333215,0.2857142857142858,0.15109890109890112,-0.4957449655179056,0.2824046240177978,-1.1893939393939394,0.357142857142857,-0.5056818181818183,44,267,1.1348314606741574,-0.4382385435077743,0.09731981032238433,-0.69047619047619,-0.16666666666666652,-0.45238095238095233,-1.00938179768949,0.19142354172018727,-1.5961538461538463,-0.5,-1.0476190476190477,145,325,,-0.42301690608213965,0.14586892823735823,-0.675438596491228,0.25,-0.45238095238095255,-0.987757096704465,0.23992591399536514,-1.5961538461538463,0.0,-1.0476190476190477,160,355,,-0.40944046213526736,0.17644027089757194,-0.6833333333333333,0.25,-0.45238095238095255,-0.9701778452427803,0.2744833818987148,-1.6388888888888888,0.0,-1.0454545454545454,175,385,,-0.38988962972109037,0.21370857153423176,-0.7071428571428569,0.25,-0.46666666666666656,-0.9446415320010826,0.3167606122973972,-1.6590909090909092,0.0,-1.0,205,445,
00155.cnf,28,125,,-0.45121531005526044,0.10037068849894257,-0.7321428571428568,-0.16666666666666652,-0.45833333333333326,-1.011503894506376,0.18116315155809617,-1.6111111111111112,-0.4761904761904763,-1.0,181,403,,-0.4606585607947837,0.09289410103168516,-0.6140350877192986,-0.196078431372549,-0.46666666666666656,-0.996981717204937,0.1350214808340053,-1.2280701754385965,-0.5555555555555556,-1.0098039215686276,153,375,,-0.47425652448623346,0.13391772438294816,-0.8159340659340664,-0.16666666666666652,-0.4444444444444444,-1.0087419726776543,0.28887097096432196,-1.7032967032967032,-0.5,-1.0,306,653,,-0.09373164646079474,0.07892397946874884,-0.3666666666666667,0.26190476190476186,-0.09511008704557078,-0.6602903133628584,0.34933609142161504,-1.5416666666666665,0.19047619047619035,-0.47916666666666685,181,736,,0.09816410219531999,0.06362471795134222,-0.0902777777777779,0.28571428571428603,0.10197368421052622,-0.630549772921204,0.28260180049628,-1.3104166666666666,0.2777777777777779,-0.6555555555555553,56,333,1.1261261261261262,-0.45121531005526044,0.10037068849894257,-0.7321428571428568,-0.16666666666666652,-0.45833333333333326,-1.011503894506376,0.18116315155809617,-1.6111111111111112,-0.4761904761904763,-1.0,181,403,,-0.44033931811068067,0.14189467220836977,-0.7321428571428568,0.25,-0.46666666666666656,-0.9940124796937732,0.2218089965698858,-1.623931623931624,0.0,-1.0,196,433,,-0.4287035027102664,0.17125730443316567,-0.7417582417582416,0.25,-0.46666666666666656,-0.9760868815546547,0.2570192159580739,-1.623931623931624,0.0,-1.0175438596491229,211,463,,-0.4106533689997009,0.2082604574935823,-0.746031746031746,0.25,-0.47435897435897445,-0.9531946202244078,0.29965046650569743,-1.6349206349206349,0.0,-1.0256410256410255,241,523,
00164.cnf,28,125,,-0.438982240533109,0.105147213084446,-0.675,0.0,-0.45238095238095255,-1.0216987658054657,0.1924702726417765,-1.6923076923076923,-0.3333333333333335,-1.0833333333333335,181,403,,-0.4458237485940273,0.09147137921575213,-0.625,-0.1282051282051282,-0.45833333333333326,-0.9683390533099513,0.13485584778533438,-1.25,-0.5333333333333332,-0.9895833333333335,153,375,,-0.4691166711457676,0.12998938843158572,-0.7555555555555553,-0.04166666666666652,-0.44444444444444464,-1.0162149446605804,0.29542725036787837,-1.6923076923076923,-0.3333333333333335,-1.0416666666666667,306,653,,-0.08616758116925449,0.07729135584118065,-0.34848484848484795,0.22222222222222232,-0.09131545338441871,-0.6529135873464674,0.336190478199576,-1.4848484848484849,0.10000000000000009,-0.48484848484848475,181,743,,0.10532448432529253,0.06453717288877434,-0.09375,0.31818181818181823,0.11111111111111116,-0.6092474795179846,0.29756265304555507,-1.2648809523809526,0.5128205128205129,-0.6209150326797386,56,340,1.1029411764705883,-0.438982240533109,0.105147213084446,-0.675,0.0,-0.45238095238095255,-1.0216987658054657,0.1924702726417765,-1.6923076923076923,-0.3333333333333335,-1.0833333333333335,181,403,,-0.4275476576284891,0.1447987719208299,-0.6888888888888891,0.25,-0.4642857142857142,-1.000964681969301,0.23655024176635525,-1.712820512820513,0.0,-1.0666666666666669,196,433,,-0.4146247351160958,0.17152584099569573,-0.6888888888888891,0.25,-0.45833333333333326,-0.9820653968062176,0.2692079224218928,-1.7461538461538462,0.0,-1.0476190476190477,211,463,,-0.397312108700732,0.20668124269325133,-0.7000000000000002,0.25,-0.45833333333333304,-0.9574181740290728,0.3075683043294227,-1.7936507936507937,0.0,-1.0454545454545454,241,523,
00168.cnf,29,129,,-0.45080507433271855,0.09939384381914862,-0.7124999999999999,-0.04166666666666674,-0.45238095238095255,-1.0017943594866674,0.19415809824303829,-1.6071428571428572,-0.3333333333333335,-1.0476190476190477,187,416,,-0.4733391087694253,0.08511771437353798,-0.6166666666666669,-0.16666666666666674,-0.47916666666666674,-0.998256564158387,0.12602463016908771,-1.2333333333333334,-0.4761904761904763,-1.0,158,387,,-0.4730519418761259,0.13442793486727683,-0.8055555555555556,-0.04166666666666674,-0.45238095238095166,-1.0019160035480512,0.29196333484469966,-1.6666666666666667,-0.3333333333333335,-0.9333333333333333,316,674,,-0.0991588526401841,0.0762814995790538,-0.3520833333333331,0.2222222222222222,-0.10416666666666652,-0.6640065845009328,0.35294803347321324,-1.5888888888888888,0.19047619047619035,-0.4999999999999999,187,757,,0.08767092667800162,0.06912079296283546,-0.16666666666666696,0.27380952380952384,0.09090909090909083,-0.6362792796244819,0.2936208392641927,-1.2914529914529917,0.45454545454545464,-0.6748251748251748,58,341,1.1348973607038124,-0.45080507433271855,0.09939384381914862,-0.7124999999999999,-0.04166666666666674,-0.45238095238095255,-1.0017943594866674,0.19415809824303829,-1.6071428571428572,-0.3333333333333335,-1.0476190476190477,187,416,,-0.4385462755978451,0.1412472772096398,-0.7124999999999999,0.25,-0.45238095238095255,-0.9844356191889825,0.23361568383446973,-1.6349206349206349,0.0,-1.0256410256410255,202,446,,-0.42664308816218105,0.17001837969979938,-0.7142857142857144,0.25,-0.45238095238095255,-0.9684641280754727,0.2669088190779933,-1.6601307189542482,0.0,-1.0227272727272727,217,476,,-0.4085745521609888,0.2066242814195592,-0.7424242424242422,0.25,-0.46666666666666656,-0.9447284508875908,0.30791510244128156,-1.7,0.0,-1.0,247,536,
00169.cnf,30,133,,-0.4493981090134937,0.11062110046203186,-0.7638888888888886,0.16666666666666663,-0.4666666666666668,-1.0035394836968266,0.20937135911330423,-1.623931623931624,0.0,-1.0256410256410255,193,429,,-0.4728562536728463,0.08453765435571914,-0.6166666666666669,-0.06666666666666665,-0.48484848484848486,-0.9956050382969073,0.14386430195241362,-1.2333333333333334,-0.1333333333333333,-1.0175438596491229,163,399,,-0.4721789795054712,0.13844701649989982,-0.8300653594771239,0.16666666666666652,-0.4444444444444444,-1.0042642828793906,0.29526439400405785,-1.6601307189542482,0.0,-1.0,326,695,,-0.09113054432860318,0.0843330480557395,-0.35024154589372025,0.33333333333333326,-0.09420289855072461,-0.656091026159382,0.34703659486527455,-1.6214488636363638,0.33333333333333326,-0.49523809523809514,193,780,,0.0936159384918608,0.07105732018894495,-0.15489130434782594,0.257142857142857,0.09935897435897456,-0.5953758358147002,0.2859927974178126,-1.3201754385964912,0.33333333333333326,-0.6111111111111113,60,351,1.1367521367521367,-0.4493981090134937,0.11062110046203186,-0.7638888888888886,0.16666666666666663,-0.4666666666666668,-1.0035394836968266,0.20937135911330423,-1.623931623931624,0.0,-1.0256410256410255,193,429,,-0.43763729613402813,0.14812362426752923,-0.7638888888888886,0.25,-0.4666666666666668,-0.9838710490671276,0.2491343838755699,-1.646153846153846,0.0,-1.0256410256410255,208,459,,-0.429109852882859,0.17387604287755343,-0.7817460317460321,0.25,-0.4722222222222219,-0.970295740387765,0.27320582201062604,-1.657142857142857,0.0,-1.0,223,489,,-0.4115533706272849,0.20987446994842673,-0.7817460317460321,0.25,-0.4791666666666665,-0.9464144003186282,0.31210504094528485,-1.7070707070707072,0.0,-1.0,253,549,
00170.cnf,33,146,,-0.45917202047775296,0.1005661361934954,-0.718181818181818,-0.11111111111111116,-0.4791666666666663,-1.0089068574737365,0.1907747671543636,-1.6666666666666665,-0.3333333333333335,-1.0476190476190477,212,471,,-0.47135546805200346,0.089184713301272,-0.6231884057971013,-0.16666666666666674,-0.4791666666666665,-0.9998845694896507,0.13760884650618954,-1.2463768115942029,-0.5333333333333332,-1.0191885964912282,179,438,,-0.4797993272927742,0.13513086539225463,-0.8397435897435899,-0.11111111111111116,-0.44999999999999996,-1.0060031129493776,0.2891937936147153,-1.6794871794871795,-0.44444444444444453,-0.9696969696969697,358,763,,-0.11303265964847632,0.08104475442114296,-0.40625,0.41666666666666674,-0.11904761904761885,-0.6779944044667692,0.363070862687876,-1.4983766233766234,0.8333333333333331,-0.5128205128205127,212,861,,0.07042080280753182,0.0656597842461983,-0.1985294117647054,0.24679487179487203,0.07692307692307704,-0.6449650369983188,0.2894667719520217,-1.4118421052631578,0.5454545454545455,-0.6623792873792874,66,390,1.123076923076923,-0.45917202047775296,0.1005661361934954,-0.718181818181818,-0.11111111111111116,-0.4791666666666663,-1.0089068574737365,0.1907747671543636,-1.6666666666666665,-0.3333333333333335,-1.0476190476190477,212,471,,-0.4475510102007108,0.1388631946202549,-0.7250000000000001,0.25,-0.4791666666666665,-0.9915197521484947,0.2289998465511846,-1.7,0.0,-1.0476190476190477,227,501,,-0.4377130088994496,0.16451728705080526,-0.7250000000000001,0.25,-0.47435897435897445,-0.9775841337988233,0.2554118845299453,-1.709090909090909,0.0,-1.0476190476190477,242,531,,-0.42228364028405263,0.20054536487536936,-0.7346153846153847,0.25,-0.4791666666666665,-0.9562817916942717,0.2951560013018885,-1.7312252964426877,0.0,-1.0454545454545454,272,591,
00172.cnf,31,137,,-0.4517081774434716,0.10536345974366015,-0.7222222222222223,1.1102230246251565e-16,-0.46666666666666656,-1.0097608274078862,0.19844186787178458,-1.625,-1.1102230246251565e-16,-1.0,199,442,,-0.47205317057410784,0.08723339819587428,-0.6140350877192988,-0.13333333333333353,-0.47916666666666674,-0.9961360477335636,0.13409111206807386,-1.2280701754385965,-0.5555555555555556,-1.0000000000000002,168,411,,-0.4749800478850758,0.138015329356173,-0.811965811965812,-0.16666666666666652,-0.4375,-1.008423117850492,0.30057160907350033,-1.6666666666666667,-0.5,-1.0,336,716,,-0.10488583545233096,0.0807294825211975,-0.3571428571428572,0.41666666666666674,-0.10952194357366796,-0.6680467661453521,0.3607494727871565,-1.536231884057971,0.8333333333333331,-0.47916666666666685,199,808,,0.08064872553782874,0.06461304947304265,-0.10833333333333339,0.2500000000000001,0.08130341880341896,-0.6339575939755746,0.3050624096586101,-1.2833333333333332,0.3384615384615386,-0.658531746031746,62,366,1.1229508196721312,-0.4517081774434716,0.10536345974366015,-0.7222222222222223,1.1102230246251565e-16,-0.46666666666666656,-1.0097608274078862,0.19844186787178458,-1.625,-1.1102230246251565e-16,-1.0,199,442,,-0.44138271098016857,0.1425638799432475,-0.7222222222222223,0.25,-0.46666666666666656,-0.9938650803057583,0.23335954214488203,-1.6547619047619047,0.0,-1.0,214,472,,-0.4295556756214126,0.16908714833485847,-0.7222222222222223,0.25,-0.46666666666666656,-0.9796613164392048,0.2602747937389989,-1.6868686868686869,0.0,-1.0,229,502,,-0.413392892597255,0.20497542699662294,-0.7222222222222223,0.25,-0.4666666666666667,-0.9586781471853512,0.2983423651289023,-1.6908212560386473,0.0,-1.0256410256410255,259,562,
00184.cnf,17,81,,-0.3826668790611098,0.11013021107623192,-0.6666666666666665,0.0,-0.38095238095238093,-0.9442880837111607,0.22216929621477077,-1.623931623931624,-0.3333333333333335,-0.9592074592074592,115,260,,-0.3895412360420197,0.08772166341674767,-0.6111111111111112,-0.16666666666666652,-0.3888888888888893,-0.9618847555497916,0.12429573117072996,-1.2222222222222223,-0.5555555555555556,-1.0,98,243,,-0.43839815031461277,0.12534163829253325,-0.7880434782608698,0.0,-0.4166666666666665,-0.9720612205681127,0.27276684558795394,-1.623931623931624,-0.3333333333333335,-0.9130434782608696,196,422,,-0.03137974631125018,0.06754800490482432,-0.28571428571428603,0.16666666666666674,-0.02992724867724872,-0.5604472023696612,0.2626638966614659,-1.4857142857142858,-0.06666666666666665,-0.45238095238095244,115,454,,0.19146539398207077,0.05876089841882814,0.02678571428571419,0.3500000000000001,0.1875,-0.3374376012480546,0.31620124786286363,-1.0476190476190474,0.4836601307189544,-0.35780885780885785,34,194,1.2525773195876289,-0.3826668790611098,0.11013021107623192,-0.6666666666666665,0.0,-0.38095238095238093,-0.9442880837111607,0.22216929621477077,-1.623931623931624,-0.3333333333333335,-0.9592074592074592,115,260,,-0.37088867690794664,0.15454950111906066,-0.6666666666666665,0.25,-0.3849206349206349,-0.92719181314516,0.25984003011394835,-1.6444444444444444,0.0,-0.9333333333333333,130,290,,-0.3588509968381292,0.18226457877271793,-0.6904761904761905,0.25,-0.38888888888888884,-0.9159448343731432,0.2864466930570109,-1.6601307189542482,0.0,-0.9333333333333333,145,320,,-0.34025364234149064,0.21672525531450965,-0.7142857142857142,0.25,-0.38888888888888906,-0.8947331714553076,0.3288710350020394,-1.6904761904761905,0.0,-0.9696969696969697,175,380,
00191.cnf,21,97,,-0.3896655783675014,0.12152297240290916,-0.6794871794871793,0.0,-0.4166666666666665,-0.9427451688268996,0.2214360359524143,-1.6643356643356644,-0.3333333333333335,-1.0,139,312,,-0.3933229091211601,0.11265904148964964,-0.6140350877192984,-0.04166666666666652,-0.4035087719298247,-0.9610773119165368,0.1554270707959669,-1.2280701754385965,-0.3333333333333335,-1.0,118,291,,-0.4420856508820676,0.12452679307588539,-0.8222222222222226,-0.10000000000000009,-0.43333333333333335,-0.9694685981390269,0.2665146890475548,-1.7083333333333335,-0.4761904761904763,-0.9393939393939394,236,506,,-0.05597513616562103,0.08873855097232114,-0.33809523809523867,0.45833333333333326,-0.05842391304347849,-0.5903165823122251,0.31857801741553765,-1.4473684210526319,0.8333333333333331,-0.4731182795698924,139,541,,0.14106382600474562,0.07125683061981128,-0.06168831168831179,0.2857142857142857,0.14551083591331238,-0.4494706569976611,0.3152810959879782,-1.1238095238095238,0.4772727272727273,-0.44176136363636354,42,229,1.2707423580786026,-0.3896655783675014,0.12152297240290916,-0.6794871794871793,0.0,-0.4166666666666665,-0.9427451688268996,0.2214360359524143,-1.6643356643356644,-0.3333333333333335,-1.0,139,312,,-0.37956208021997495,0.15764080830844854,-0.6794871794871793,0.25,-0.4166666666666665,-0.932481740157179,0.25628951832064556,-1.6643356643356644,0.0,-1.0,154,342,,-0.36970196636942365,0.18207741638785413,-0.6794871794871793,0.25,-0.4166666666666664,-0.9251075688753584,0.2798588613630263,-1.700534759358289,0.0,-1.0,169,372,,-0.35575444152343655,0.21576108236540706,-0.7032967032967035,0.25,-0.4166666666666665,-0.9071090112909966,0.31889918829001357,-1.7394957983193278,0.0,-1.0,199,432,
00205.cnf,31,137,,-0.45593528203822326,0.10386451249300288,-0.7386363636363631,0.0,-0.4666666666666668,-1.0087320359379182,0.19592675669036283,-1.6349206349206349,-0.33333333333333337,-1.0476190476190477,199,442,,-0.4731328687533067,0.0865391534450655,-0.6111111111111116,-0.11111111111111094,-0.49019607843137236,-1.0001954033673655,0.12396145489632461,-1.2222222222222223,-0.5333333333333333,-1.0,168,411,,-0.47757072420131075,0.13797541737995564,-0.8181818181818179,0.0,-0.45952380952380945,-1.0067957608809566,0.30108463470340574,-1.6527777777777777,-0.3333333333333335,-0.9723484848484849,336,716,,-0.10722091467369196,0.0782736350034582,-0.3717105263157896,0.16666666666666674,-0.11111111111111094,-0.6744064076699392,0.35912345668443685,-1.5898550724637681,0.19047619047619035,-0.4666666666666667,199,810,,0.07766169235232623,0.06939334851226438,-0.1333333333333333,0.2666666666666667,0.08333333333333348,-0.6451442515730748,0.29606465092246526,-1.3053221288515406,0.3076923076923078,-0.6772203947368421,62,368,1.1168478260869565,-0.45593528203822326,0.10386451249300288,-0.7386363636363631,0.0,-0.4666666666666668,-1.0087320359379182,0.19592675669036283,-1.6349206349206349,-0.33333333333333337,-1.0476190476190477,199,442,,-0.44249648702843397,0.1442005361067245,-0.7386363636363631,0.25,-0.47916666666666674,-0.9908556984075494,0.2344801634001196,-1.672514619883041,0.0,-1.0314992025518341,214,472,,-0.4315962838622201,0.1701901076706136,-0.7222222222222219,0.25,-0.4782196969696968,-0.9770164319965117,0.2608299456974582,-1.7,0.0,-1.0384615384615385,229,502,,-0.4148188283642021,0.20514804910974266,-0.7222222222222221,0.25,-0.46944444444444455,-0.9563596224850672,0.2970784616079316,-1.722943722943723,0.0,-1.0,259,562,
00206.cnf,40,175,,-0.46856339334215436,0.10196263031571169,-0.7564102564102564,-0.04166666666666674,-0.47916666666666674,-1.020732286396003,0.19149304465129058,-1.6363636363636362,-0.33333333333333337,-1.0476190476190477,255,565,,-0.4920285939591557,0.09144213353038017,-0.6166666666666671,-0.08333333333333326,-0.5000000000000004,-1.0295891112998588,0.132475421663191,-1.2333333333333334,-0.5555555555555556,-1.0476190476190477,215,525,,-0.48487330520117405,0.14100373406032918,-0.7916666666666665,-0.16666666666666674,-0.4666666666666668,-1.0152314291658553,0.3038253699794984,-1.6363636363636362,-0.5,-1.0256410256410255,430,915,,-0.1344465534395134,0.08566861250364578,-0.4076923076923067,0.41666666666666663,-0.14035087719298223,-0.7029072575822046,0.3858477770823268,-1.6675213675213676,0.8333333333333331,-0.5087719298245615,255,1043,,0.028036785668032697,0.06765951913273209,-0.1875,0.2187500000000001,0.029006410256410153,-0.731222569817079,0.28932078850464765,-1.3402777777777777,0.3124999999999999,-0.7633898448043186,80,478,1.098326359832636,-0.46856339334215436,0.10196263031571169,-0.7564102564102564,-0.04166666666666674,-0.47916666666666674,-1.020732286396003,0.19149304465129058,-1.6363636363636362,-0.33333333333333337,-1.0476190476190477,255,565,,-0.45906369540823333,0.13520618198126894,-0.7638888888888893,0.25,-0.47916666666666674,-1.0062798406075717,0.22350110356197828,-1.6515151515151514,0.0,-1.0476190476190477,270,595,,-0.450973653013653,0.1597065938162417,-0.7638888888888893,0.25,-0.47916666666666674,-0.9938641314241314,0.24786446697090872,-1.6515151515151514,0.0,-1.0476190476190477,285,625,,-0.43580623688460607,0.19304316267871455,-0.7749999999999997,0.25,-0.48484848484848464,-0.9732423712217242,0.2824750427266761,-1.6630434782608696,0.0,-1.0476190476190477,315,685,
00212.cnf,22,101,,-0.4145856365856365,0.10467049325085856,-0.6875,-0.09523809523809512,-0.41666666666666674,-0.9876037296037299,0.1942510426829544,-1.6363636363636362,-0.4761904761904763,-1.0,145,325,,-0.4053184260974777,0.10912156531279421,-0.6041666666666667,-0.08333333333333326,-0.4166666666666665,-0.9767854627905436,0.11123611632324439,-1.2083333333333335,-0.5555555555555556,-1.0,123,303,,-0.45868258349283025,0.11617142661146684,-0.8333333333333339,-0.16666666666666674,-0.43333333333333335,-0.9944347240362421,0.27559183263516174,-1.6666666666666665,-0.5,-1.0,246,527,,-0.05857023369299787,0.07262542830573127,-0.34705882352941164,0.26190476190476186,-0.05833333333333357,-0.5957333343507553,0.2937043546150361,-1.4935064935064934,0.19047619047619035,-0.45238095238095244,145,583,,0.14596522789922248,0.06558258609787138,-0.12499999999999978,0.34999999999999987,0.14999999999999997,-0.44677487831429347,0.30905656601181347,-1.172222222222222,0.461038961038961,-0.47512340600575886,44,258,1.1744186046511629,-0.4145856365856365,0.10467049325085856,-0.6875,-0.09523809523809512,-0.41666666666666674,-0.9876037296037299,0.1942510426829544,-1.6363636363636362,-0.4761904761904763,-1.0,145,325,,-0.4032032091539134,0.14792416683641094,-0.7083333333333337,0.25,-0.41666666666666674,-0.9701788508830762,0.23596711951245733,-1.6363636363636362,0.0,-1.0,160,355,,-0.39229718694004406,0.17626592955760725,-0.7249999999999999,0.25,-0.41666666666666674,-0.9529373699045206,0.2683296390133811,-1.6643356643356644,0.0,-1.0,175,385,,-0.3761721299923547,0.21147234256961892,-0.7388888888888892,0.25,-0.43939393939393945,-0.9251444378856806,0.3098339735414377,-1.7211538461538463,0.0,-1.0,205,445,
00216.cnf,26,117,,-0.4199920216830031,0.12481577435939847,-0.741758241758242,1.1102230246251565e-16,-0.4444444444444444,-0.9714133935619348,0.21023361223362197,-1.6349206349206349,-0.3333333333333335,-1.0,169,377,,-0.42901170017811546,0.11167753082152575,-0.6111111111111116,-0.06666666666666665,-0.44444444444444464,-0.9939246836808426,0.12352329940623726,-1.2222222222222223,-0.5555555555555556,-1.0,143,351,,-0.46078272091076555,0.13302421799194675,-0.7777777777777779,0.0,-0.44117647058823506,-0.985728053596543,0.283124004420814,-1.6349206349206349,-0.3333333333333335,-0.9333333333333333,286,611,,-0.09049373476254623,0.08427344529933031,-0.3333333333333328,0.45833333333333337,-0.09442724458204355,-0.6422660106420606,0.34769874414612356,-1.5809523809523809,0.8333333333333331,-0.48484848484848475,169,671,,0.09865706706469332,0.062180957141074085,-0.07500000000000018,0.28157894736842093,0.09774436090225574,-0.5608491640800091,0.32289342964207157,-1.2105263157894737,0.31623931623931634,-0.567965367965368,52,294,1.1938775510204083,-0.4199920216830031,0.12481577435939847,-0.741758241758242,1.1102230246251565e-16,-0.4444444444444444,-0.9714133935619348,0.21023361223362197,-1.6349206349206349,-0.3333333333333335,-1.0,169,377,,-0.40738472356119415,0.15811645641221214,-0.741758241758242,0.25,-0.44444444444444464,-0.9534763870325368,0.24586338793253315,-1.6444444444444444,0.0,-1.0,184,407,,-0.3981220124829628,0.18084660476789877,-0.7525252525252526,0.25,-0.44444444444444464,-0.9425647087765139,0.27092673840649817,-1.6527777777777777,0.0,-1.0,199,437,,-0.3820244938646525,0.21291968528310867,-0.7525252525252526,0.25,-0.4444444444444444,-0.9228819795425312,0.306679239895394,-1.6601307189542482,0.0,-1.0,229,497,
00224.cnf,37,162,,-0.4667386989159006,0.10463752599235236,-0.7083333333333337,0.08333333333333326,-0.4999999999999998,-1.0288873450497567,0.1945049220819108,-1.6333333333333333,-0.3333333333333335,-1.0833333333333335,236,523,,-0.4942824322453952,0.08032697694428102,-0.6166666666666669,-0.1212121212121211,-0.5,-1.019220971072823,0.12795561336886624,-1.2333333333333334,-0.6666666666666667,-1.0256410256410255,199,486,,-0.4829588678215319,0.14379777658526996,-0.8222222222222224,-0.09999999999999987,-0.46666666666666656,-1.019859670158302,0.3098712864342299,-1.6444444444444444,-0.4761904761904763,-1.0476190476190477,398,847,,-0.12007785467595172,0.08200351106234648,-0.4444444444444444,0.5,-0.1228070175438597,-0.6930526086058162,0.37046879445737474,-1.5506993006993006,0.8333333333333331,-0.5362318840579711,236,972,,0.04989896089452496,0.066939481404455,-0.16666666666666674,0.21538461538461573,0.05555555555555547,-0.7225980081858189,0.26627190327740796,-1.3629310344827585,0.125,-0.7389277389277389,74,449,1.0824053452115814,-0.4667386989159006,0.10463752599235236,-0.7083333333333337,0.08333333333333326,-0.4999999999999998,-1.0288873450497567,0.1945049220819108,-1.6333333333333333,-0.3333333333333335,-1.0833333333333335,236,523,,-0.45563641451977804,0.13881675755856404,-0.732142857142857,0.25,-0.4999999999999998,-1.0123228740317347,0.23157542264591013,-1.6333333333333333,0.0,-1.0476190476190477,251,553,,-0.44759371719062974,0.16393464776500447,-0.732142857142857,0.25,-0.4999999999999998,-0.9996981720395101,0.25715256032170564,-1.646153846153846,0.0,-1.0476190476190477,266,583,,-0.42977805631382615,0.19797182354169535,-0.7460317460317456,0.25,-0.4999999999999998,-0.9754537280587048,0.29481721313444,-1.7047619047619047,0.0,-1.0476190476190477,296,643,
00225.cnf,12,62,,-0.3082512079671171,0.11979954246395802,-0.6250000000000002,0.08333333333333348,-0.30984848484848493,-0.9061269713731835,0.2516008659873221,-1.6515151515151514,0.16666666666666652,-0.925,86,198,,-0.25987414773492873,0.11502554721653685,-0.5416666666666665,0.04761904761904767,-0.2380952380952378,-1.0101527620574735,0.1754693812657525,-1.1714285714285715,-0.19047619047619058,-1.0701754385964912,74,186,,-0.3975391015067605,0.12665939427068226,-0.84012539184953,-0.06666666666666665,-0.40000000000000013,-0.9496096812833534,0.28143147746712954,-1.6515151515151514,-0.1333333333333333,-0.9310344827586208,148,322,,0.01850320803321458,0.06776621221049088,-0.24632352941176472,0.25,0.020833333333333315,-0.4646839696082686,0.19235199381537718,-1.2753267973856208,0.08333333333333315,-0.42666666666666686,86,328,,0.2613548781535207,0.05741932828877726,0.10984848484848497,0.4,0.26408730158730176,-0.04799687856135819,0.29121941307959176,-0.8131868131868132,0.6666666666666665,-0.04648684648684659,24,130,1.4307692307692308,-0.3082512079671171,0.11979954246395802,-0.6250000000000002,0.08333333333333348,-0.30984848484848493,-0.9061269713731835,0.2516008659873221,-1.6515151515151514,0.16666666666666652,-0.925,86,198,,-0.3018452050185796,0.15857281182645047,-0.6250000000000002,0.25,-0.33333333333333315,-0.8970201832624434,0.28627825887881914,-1.6923076923076923,0.16666666666666652,-0.941025641025641,101,228,,-0.297011564017378,0.18495184253936536,-0.6250000000000002,0.25,-0.33333333333333326,-0.8880684632622617,0.3141898076828895,-1.7032967032967032,0.16666666666666652,-0.9333333333333333,116,258,,-0.28506544480190904,0.21523292776084688,-0.6527777777777775,0.25,-0.33333333333333326,-0.8849698399995776,0.35777195337733486,-1.723809523809524,0.16666666666666652,-0.9696969696969697,146,318,
00228.cnf,12,62,,-0.32871718629294383,0.10291280253002,-0.5666666666666667,0.0,-0.33333333333333326,-0.9100295888174676,0.22357452442926407,-1.5833333333333335,-0.33333333333333337,-0.9166666666666667,86,198,,-0.2874787907994739,0.09264262998743794,-0.5490196078431371,-0.023809523809523725,-0.277777777777778,-0.997074395767865,0.09716366601356646,-1.1296296296296298,-0.5333333333333332,-1.0098039215686276,74,186,,-0.41130364201016373,0.11828342584474404,-0.7708333333333337,-0.08333333333333326,-0.40000000000000013,-0.9473165550805301,0.2705877672738099,-1.5833333333333335,-0.5,-0.875,148,322,,0.019689247310572665,0.06468290822774947,-0.20138888888888906,0.45833333333333337,0.023809523809523947,-0.45867304340994436,0.20578984666990213,-1.0847619047619046,0.8333333333333331,-0.41666666666666663,86,331,,0.27374317411911403,0.07181306333582782,-2.220446049250313e-16,0.4642857142857143,0.28333333333333344,0.009896630103397008,0.3692773188032105,-0.8964285714285715,0.9285714285714284,0.03030303030303033,24,133,1.3984962406015038,-0.32871718629294383,0.10291280253002,-0.5666666666666667,0.0,-0.33333333333333326,-0.9100295888174676,0.22357452442926407,-1.5833333333333335,-0.33333333333333337,-0.9166666666666667,86,198,,-0.31549670640737115,0.14934822775785253,-0.5921052631578947,0.25,-0.34686147186147165,-0.9003520960930933,0.26419056773936345,-1.6349206349206349,0.0,-0.925,101,228,,-0.3087374458013993,0.18061677881019214,-0.6000000000000001,0.25,-0.35416666666666674,-0.9057627987860547,0.2997608873483489,-1.6444444444444444,0.0,-0.9487179487179487,116,258,,-0.2971533523369043,0.21568861434756204,-0.6195652173913042,0.25,-0.36111111111111116,-0.9072899320053751,0.34612061649741893,-1.6848484848484848,0.0,-1.0,146,318,
00234.cnf,27,121,,-0.4362495837495837,0.11824625533206935,-0.708333333333333,0.08333333333333337,-0.4553571428571428,-0.9899508362008363,0.2146209992845313,-1.625,-0.33333333333333337,-1.0,175,390,,-0.4507269239870371,0.09806999927738941,-0.6140350877192988,-0.1666666666666663,-0.45614035087719307,-0.9956799022041584,0.13871159590411736,-1.2280701754385965,-0.33333333333333337,-1.0256410256410255,148,363,,-0.46682960806774093,0.13851433204846283,-0.8578431372549018,0.08333333333333337,-0.4411764705882353,-0.9963658550486082,0.29623580964716084,-1.715686274509804,-0.3333333333333335,-0.9696969696969697,296,632,,-0.08417568625167658,0.08496485662692832,-0.3757763975155277,0.5,-0.0952953296703295,-0.6497251094341508,0.3501731642808634,-1.5678571428571428,0.8333333333333331,-0.5128205128205127,175,704,,0.10629654005740356,0.0712979490882305,-0.13970588235294112,0.27083333333333337,0.11523199023199032,-0.5878782416958558,0.3062783240373392,-1.2796474358974361,0.375,-0.6173705379587733,54,314,1.1560509554140128,-0.4362495837495837,0.11824625533206935,-0.708333333333333,0.08333333333333337,-0.4553571428571428,-0.9899508362008363,0.2146209992845313,-1.625,-0.33333333333333337,-1.0,175,390,,-0.4234240295001573,0.15514660112121942,-0.708333333333333,0.25,-0.46666666666666656,-0.9736536688040449,0.25411128296203733,-1.6447368421052633,0.0,-1.0,190,420,,-0.41505438218376806,0.18073343167860254,-0.7090909090909085,0.25,-0.4642857142857145,-0.9608724957628467,0.2802875433071709,-1.6447368421052633,0.0,-1.0,205,450,,-0.40022271735461495,0.21503009448998586,-0.7499999999999998,0.25,-0.474358974358974,-0.93641653751356,0.3149691845247626,-1.672514619883041,0.0,-1.0,235,510,
00238.cnf,19,89,,-0.4008007144370781,0.11209259973713666,-0.7083333333333337,-0.03333333333333344,-0.41666666666666663,-0.9664949949040857,0.2249028697159976,-1.6181818181818182,-0.33333333333333326,-1.0,127,286,,-0.40922229641922137,0.09319435954858898,-0.6140350877192988,-0.1212121212121211,-0.4035087719298247,-0.9536149942824989,0.13922878216465684,-1.2280701754385965,-0.4583333333333335,-0.9696969696969697,108,267,,-0.4496563212888644,0.12079778417414443,-0.8166666666666669,-0.16666666666666652,-0.41666666666666674,-0.9838320982178741,0.27544386628260403,-1.6349206349206349,-0.4583333333333335,-0.9285714285714287,216,464,,-0.03911316112145704,0.07298237849341103,-0.343859649122807,0.18181818181818188,-0.04475732600732585,-0.5789660119249213,0.27684606189563044,-1.5719298245614035,0.19047619047619035,-0.4666666666666667,127,508,,0.17525253782993727,0.05818313885247662,0.0,0.3379120879120878,0.17756903399318258,-0.3981755114440228,0.290583082325259,-1.1333333333333333,0.577777777777778,-0.4013888888888889,38,222,1.2027027027027026,-0.4008007144370781,0.11209259973713666,-0.7083333333333337,-0.03333333333333344,-0.41666666666666663,-0.9664949949040857,0.2249028697159976,-1.6181818181818182,-0.33333333333333326,-1.0,127,286,,-0.3870769174566643,0.15613561031860068,-0.7083333333333337,0.25,-0.41666666666666674,-0.9512486481934547,0.26515016379397083,-1.6349206349206349,0.0,-1.0,142,316,,-0.37450422891174334,0.1822614148833305,-0.7083333333333337,0.25,-0.41666666666666674,-0.9386855819574283,0.28732936139690307,-1.6848484848484848,0.0,-1.0,157,346,,-0.3580655648643189,0.21769494321907684,-0.732142857142857,0.25,-0.41666666666666674,-0.9138649913787554,0.3279913167669689,-1.7070707070707072,0.0,-0.9803921568627452,187,406,
00246.cnf,32,142,,-0.45481735937521967,0.10364686385990567,-0.6969696969696966,0.0,-0.4666666666666668,-1.022328344872013,0.18996813585160596,-1.6643356643356644,-0.1333333333333333,-1.0476190476190477,206,458,,-0.4717234984322805,0.08707173418073519,-0.6212121212121207,-0.11111111111111094,-0.48484848484848486,-1.0057158643659265,0.12840890853158704,-1.2424242424242424,-0.4761904761904763,-1.0256410256410255,174,426,,-0.4756800533249321,0.13893209064660636,-0.8376623376623384,-0.16666666666666652,-0.44258241758241756,-1.0157603814274974,0.3010259198321595,-1.6753246753246753,-0.3999999999999999,-1.0,348,742,,-0.1059166992682663,0.078475180606615,-0.30769230769230793,0.45833333333333337,-0.1124999999999996,-0.6776095453378512,0.3579600376417455,-1.5305555555555554,0.8333333333333331,-0.49523809523809514,206,845,,0.07867779803349323,0.06378843824965895,-0.09539473684210531,0.27727272727272734,0.08333333333333315,-0.658820015354148,0.28788128449842676,-1.3282913165266108,0.4363636363636363,-0.6875,64,387,1.1007751937984496,-0.45481735937521967,0.10364686385990567,-0.6969696969696966,0.0,-0.4666666666666668,-1.022328344872013,0.18996813585160596,-1.6643356643356644,-0.1333333333333333,-1.0476190476190477,206,458,,-0.43992600068419735,0.14229821404498766,-0.6969696969696966,0.25,-0.4666666666666668,-1.002252921259069,0.2341885950032799,-1.7070707070707072,0.0,-1.0476190476190477,221,488,,-0.42886706279563425,0.16747126781894361,-0.7207792207792207,0.25,-0.4666666666666668,-0.9867555813984387,0.262106632783587,-1.722943722943723,0.0,-1.0476190476190477,236,518,,-0.41142525414800496,0.20148566357502967,-0.7386363636363638,0.25,-0.4666666666666668,-0.9601498175027587,0.3003822678538845,-1.722943722943723,0.0,-1.0476190476190477,266,578,
00248.cnf,15,73,,-0.3645741604074938,0.1206053551931159,-0.606060606060606,0.08333333333333326,-0.3666666666666669,-0.9385095554967351,0.231716705064908,-1.6111111111111112,-0.1333333333333333,-0.9333333333333333,103,234,,-0.35697773190457355,0.10530360081769591,-0.6140350877192984,-0.08333333333333348,-0.35897435897435925,-0.9726876204083148,0.1339128547433897,-1.2280701754385965,-0.3333333333333335,-1.0000000000000002,88,219,,-0.4298052813255902,0.12909380407548976,-0.8130434782608695,0.08333333333333326,-0.4166666666666665,-0.9652843720606878,0.28219388694722636,-1.7130434782608694,-0.1333333333333333,-0.9130434782608696,176,380,,-0.01064768280654498,0.07195773282817339,-0.22222222222222254,0.2222222222222222,-0.008333333333333415,-0.5294850634573587,0.24215462702077667,-1.2880434782608696,-1.1102230246251565e-16,-0.45977011494252873,103,404,,0.2175013289286646,0.05799828750327385,0.04375000000000007,0.3571428571428572,0.21874999999999994,-0.22744206733609848,0.3252365382916215,-1.0476190476190474,0.6923076923076925,-0.21008403361344546,30,170,1.2882352941176471,-0.3645741604074938,0.1206053551931159,-0.606060606060606,0.08333333333333326,-0.3666666666666669,-0.9385095554967351,0.231716705064908,-1.6111111111111112,-0.1333333333333333,-0.9333333333333333,103,234,,-0.35445869891892623,0.16249997987192966,-0.647727272727272,0.25,-0.38888888888888884,-0.9206871936985573,0.2695099564479059,-1.6166666666666667,0.0,-0.9333333333333333,118,264,,-0.3468013326431694,0.18888154641525093,-0.6826923076923077,0.25,-0.38888888888888895,-0.9038578673782756,0.2942508691270452,-1.6166666666666667,0.0,-0.9333333333333333,133,294,,-0.3300828487269165,0.22009042482886326,-0.6746031746031749,0.25,-0.3888888888888892,-0.894766193212521,0.33401446346569186,-1.6794871794871795,0.0,-1.0,163,354,
00253.cnf,30,133,,-0.4580278307551035,0.10001048289788471,-0.7386363636363633,-0.12499999999999978,-0.46666666666666656,-1.021373744101017,0.18734076702396224,-1.6363636363636362,-0.33333333333333326,-1.0476190476190477,193,429,,-0.4693951876230328,0.09281408348043478,-0.6166666666666665,-0.04761904761904745,-0.47916666666666674,-1.012431281676114,0.12596542047028747,-1.2333333333333334,-0.6190476190476191,-1.0256410256410255,163,399,,-0.4791926977898201,0.13229421516948392,-0.8518518518518525,-0.16666666666666674,-0.4629629629629637,-1.015320418989484,0.28997532807496557,-1.7037037037037037,-0.5,-1.0,326,695,,-0.10254783432083996,0.0727162470896918,-0.3630952380952379,0.16666666666666674,-0.10526315789473673,-0.6715243494260376,0.35211511543615837,-1.5368421052631578,0.19047619047619035,-0.4999999999999999,193,789,,0.08618642392394332,0.061152253424364096,-0.11249999999999982,0.2534722222222223,0.0890873015873016,-0.6341535542791832,0.29739304748670303,-1.2860962566844922,0.25,-0.65718954248366,60,360,1.1083333333333334,-0.4580278307551035,0.10001048289788471,-0.7386363636363633,-0.12499999999999978,-0.46666666666666656,-1.021373744101017,0.18734076702396224,-1.6363636363636362,-0.33333333333333326,-1.0476190476190477,193,429,,-0.44534117763391934,0.14101102194411247,-0.7386363636363633,0.25,-0.4666666666666668,-1.005968112968457,0.22241878322047007,-1.646153846153846,0.0,-1.0476190476190477,208,459,,-0.43394155549063523,0.16740376652881664,-0.7499999999999998,0.25,-0.4666666666666668,-0.9899546148012407,0.2520997046390534,-1.6666666666666665,0.0,-1.0476190476190477,223,489,,-0.41702180502807307,0.2035241428295307,-0.7499999999999998,0.25,-0.4666666666666668,-0.9661178015646034,0.2947964907878318,-1.6931818181818181,0.0,-1.0454545454545454,253,549,
00259.cnf,10,55,,-0.30645289631003914,0.09877097369810736,-0.5303030303030298,-0.05555555555555558,-0.3125,-0.9148985776128632,0.22040731209409567,-1.6753246753246753,-0.33333333333333337,-0.888888888888889,75,175,,-0.23084164769586765,0.09859018093874426,-0.4666666666666668,0.025641025641025772,-0.23809523809523792,-1.035110823149321,0.09489666320362163,-1.1507246376811593,-0.717948717948718,-1.0666666666666667,65,165,,-0.3981019667723269,0.12133192392244481,-0.81140350877193,-0.0625,-0.38095238095238093,-0.9498110174425962,0.2861767957891695,-1.7280701754385965,-0.33333333333333337,-0.8947368421052633,130,285,,0.048583714991666756,0.044678411776346745,-0.11363636363636376,0.18615984405458086,0.05128205128205121,-0.4114444607624849,0.1322736841247837,-0.9310776942355888,0.06432748538011684,-0.3939393939393939,75,291,,0.32523114457381713,0.050074676284898735,0.22727272727272707,0.4642857142857143,0.3214285714285717,0.2054327975664183,0.29128543600599965,-0.4810606060606061,0.9285714285714284,0.18051948051948052,20,116,1.4224137931034482,-0.30645289631003914,0.09877097369810736,-0.5303030303030298,-0.05555555555555558,-0.3125,-0.9148985776128632,0.22040731209409567,-1.6753246753246753,-0.33333333333333337,-0.888888888888889,75,175,,-0.29811022987852254,0.15045657801234982,-0.5681818181818181,0.25,-0.33333333333333304,-0.8949226924836683,0.2646429264108198,-1.6753246753246753,0.0,-0.888888888888889,90,205,,-0.29034861710393617,0.1762493893437111,-0.5833333333333335,0.25,-0.3214285714285716,-0.8884978024339727,0.294645385071569,-1.6848484848484848,0.0,-0.9487179487179487,105,235,,-0.2779328560273226,0.20973126059629066,-0.6515151515151516,0.25,-0.3461538461538458,-0.8916334994350947,0.3434152606551663,-1.7333333333333334,0.0,-1.0,135,295,
00260.cnf,26,117,,-0.43746202221003283,0.10833511876706367,-0.6794871794871793,0.0,-0.46666666666666656,-1.0111979642815188,0.19637607511634073,-1.623931623931624,-0.3333333333333335,-1.0476190476190477,169,377,,-0.4433159600580414,0.09909175867860397,-0.6190476190476186,-0.060606060606060774,-0.45238095238095233,-0.9842183833490185,0.11252947178674186,-1.2380952380952381,-0.5833333333333335,-0.9833333333333334,143,351,,-0.4683801280934971,0.1346859487343678,-0.8062500000000001,-0.08333333333333326,-0.4473684210526321,-1.0092881624505796,0.2976053658487669,-1.6794871794871795,-0.3333333333333335,-1.0256410256410255,286,611,,-0.07712511442766931,0.07753275982280479,-0.3137254901960784,0.23809523809523814,-0.08333333333333282,-0.6386410621905718,0.3256179502233594,-1.5350427350427351,0.19047619047619035,-0.48484848484848475,169,689,,0.11427737055267424,0.0672624822699077,-0.07936507936507908,0.32307692307692315,0.11111111111111122,-0.5573652273067126,0.28727125030422407,-1.2214912280701757,0.3777777777777779,-0.5653622693096378,52,312,1.125,-0.43746202221003283,0.10833511876706367,-0.6794871794871793,0.0,-0.46666666666666656,-1.0111979642815188,0.19637607511634073,-1.623931623931624,-0.3333333333333335,-1.0476190476190477,169,377,,-0.4232715107715107,0.15031301328393915,-0.6794871794871793,0.25,-0.46666666666666656,-0.9885244294335204,0.246508710281321,-1.623931623931624,0.0,-1.0256410256410255,184,407,,-0.41420106848327326,0.1757883919144118,-0.6590909090909085,0.25,-0.46666666666666656,-0.973988185204365,0.27435490872334206,-1.6515151515151514,0.0,-1.0454545454545454,199,437,,-0.3943374841214666,0.2114187589739638,-0.6666666666666667,0.25,-0.46666666666666656,-0.9533440926433557,0.3110337645092821,-1.672514619883041,0.0,-1.0454545454545454,229,497,
00263.cnf,12,62,,-0.3159316378066378,0.12185850392363069,-0.5666666666666667,0.08333333333333326,-0.32291666666666685,-0.9094446448613116,0.24037018986600073,-1.6527777777777777,-0.1333333333333333,-0.9333333333333333,86,198,,-0.28596178317735943,0.10801485306678749,-0.6111111111111116,0.06666666666666665,-0.28205128205128205,-1.0103031658950452,0.09821085837353409,-1.2222222222222223,-0.696969696969697,-1.0256410256410255,74,186,,-0.40787804798432786,0.12714555403498942,-0.786274509803921,0.0,-0.4,-0.9489332535246954,0.2736971949296018,-1.6527777777777777,-0.3333333333333335,-0.8947368421052633,148,322,,0.018035374679625838,0.07391672059629367,-0.2647058823529407,0.45833333333333337,0.01666666666666683,-0.4647182558316008,0.20543506659137098,-1.2772727272727273,0.8333333333333331,-0.43382352941176483,86,325,,0.2587315344438221,0.07088354722449824,0.03125,0.3977272727272727,0.2649572649572651,0.07202064693491338,0.3174425591964346,-0.8571428571428574,0.8257575757575758,0.05048076923076916,24,127,1.4645669291338583,-0.3159316378066378,0.12185850392363069,-0.5666666666666667,0.08333333333333326,-0.32291666666666685,-0.9094446448613116,0.24037018986600073,-1.6527777777777777,-0.1333333333333333,-0.9333333333333333,86,198,,-0.3056279383098269,0.1618407582658726,-0.59375,0.25,-0.33333333333333326,-0.9058235782129618,0.28319945268223967,-1.6601307189542482,0.0,-0.9375,101,228,,-0.3023528363388144,0.18633844151281614,-0.6071428571428577,0.25,-0.3484848484848484,-0.8920398109536847,0.30543115651978037,-1.715686274509804,0.0,-0.9696969696969697,116,258,,-0.28631733098159284,0.21559283848937827,-0.625,0.25,-0.3431372549019609,-0.8950690652299976,0.3586012150459444,-1.7552447552447552,0.0,-0.9803921568627452,146,318,
00264.cnf,27,121,,-0.4365870703370703,0.1075826366800337,-0.7142857142857142,0.0,-0.45238095238095233,-1.0050574425574426,0.2018370379186069,-1.6333333333333333,-0.33333333333333337,-1.0476190476190477,175,390,,-0.45781541740334564,0.09128062774884667,-0.6166666666666667,-0.09523809523809512,-0.4666666666666668,-0.9918140726868309,0.1275359262806608,-1.2333333333333334,-0.3333333333333335,-1.0000000000000002,148,363,,-0.46683702417484063,0.13239471480563592,-0.8083333333333336,-0.08333333333333326,-0.4393939393939392,-1.005466338338174,0.2889998807563942,-1.6515151515151514,-0.5,-1.0,296,632,,-0.0889136118811062,0.07606281082990222,-0.30514705882352944,0.41666666666666674,-0.08645833333333308,-0.660081462120152,0.3471833386199143,-1.5486842105263159,0.8333333333333331,-0.47916666666666685,175,713,,0.1066288956495659,0.06473049240562512,-0.1090909090909089,0.3084415584415585,0.11079545454545436,-0.6386331638044668,0.29988528071832155,-1.3988636363636362,0.21103896103896103,-0.6666666666666669,54,323,1.1238390092879258,-0.4365870703370703,0.1075826366800337,-0.7142857142857142,0.0,-0.45238095238095233,-1.0050574425574426,0.2018370379186069,-1.6333333333333333,-0.33333333333333337,-1.0476190476190477,175,390,,-0.4246768253676148,0.14678173683904822,-0.7171052631578947,0.25,-0.45238095238095255,-0.9866062077716213,0.24220082326575135,-1.6447368421052633,0.0,-1.0215924426450742,190,420,,-0.41435920125626013,0.17215422239924089,-0.7250000000000001,0.25,-0.45238095238095255,-0.9700001320393479,0.2688331365716912,-1.65,0.0,-1.0,205,450,,-0.3955628109420679,0.20645891660951296,-0.7388888888888887,0.25,-0.45238095238095233,-0.9478725436929771,0.3064155752330569,-1.694736842105263,0.0,-1.0,235,510,
00266.cnf,12,62,,-0.33612076756016146,0.1156712058645636,-0.6038961038961039,0.06666666666666665,-0.3333333333333335,-0.908213812001691,0.24238436133732902,-1.623931623931624,0.06666666666666665,-0.9134615384615385,86,198,,-0.29662485065710875,0.10226228995566189,-0.5833333333333333,-0.04761904761904745,-0.29166666666666674,-0.9978933762871935,0.08422693908724734,-1.1666666666666667,-0.7500000000000001,-1.0208333333333335,74,186,,-0.4164726491589846,0.12022653352303969,-0.7750000000000001,-0.13636363636363624,-0.41287878787878773,-0.9508106282951003,0.26480667148257286,-1.6363636363636362,-0.19999999999999996,-0.8717948717948718,148,322,,0.021252697344083398,0.06641869114156508,-0.20054945054945028,0.20000000000000007,0.021971288515406195,-0.46002230797282173,0.1959246639601259,-1.2268398268398268,0.09090909090909105,-0.41666666666666663,86,332,,0.27099134281970105,0.05630978092176825,0.1333333333333333,0.3750000000000001,0.26923076923076933,0.0431417421715929,0.31439875643548115,-0.8194444444444442,0.7023809523809524,0.039646464646464694,24,134,1.3880597014925373,-0.33612076756016146,0.1156712058645636,-0.6038961038961039,0.06666666666666665,-0.3333333333333335,-0.908213812001691,0.24238436133732902,-1.623931623931624,0.06666666666666665,-0.9134615384615385,86,198,,-0.322065623216939,0.15795456714124684,-0.5952380952380949,0.25,-0.3392857142857142,-0.892381595013174,0.28308953913351786,-1.657142857142857,0.06666666666666665,-0.9333333333333333,101,228,,-0.31346318948063134,0.18580963651869836,-0.6428571428571428,0.25,-0.3484848484848484,-0.8989709149592872,0.3024321359198975,-1.657142857142857,0.0,-0.9592074592074592,116,258,,-0.3007338791536905,0.21869249161715643,-0.6777777777777776,0.25,-0.3666666666666669,-0.8855911602373866,0.3423414675611413,-1.7032967032967032,0.0,-0.9880952380952381,146,318,
00268.cnf,39,171,,-0.4771211754228058,0.10343866994208978,-0.7738095238095237,0.16666666666666652,-0.5,-1.0285089306828437,0.19508879050792802,-1.6111111111111112,0.0,-1.0476190476190477,249,552,,-0.5027244679110411,0.07572803537075351,-0.6140350877192984,-0.16666666666666674,-0.5128205128205128,-1.0308188488384205,0.12172890535551323,-1.2280701754385965,-0.4583333333333335,-1.027777777777778,210,513,,-0.489774903818528,0.1408575586588485,-0.8090909090909091,0.16666666666666652,-0.4852813852813852,-1.0214520118211394,0.2989950844528703,-1.6363636363636362,0.0,-1.0476190476190477,420,894,,-0.1310909823152896,0.08213831526206194,-0.3772893772893775,0.23809523809523792,-0.13636363636363602,-0.7063923738404992,0.38171802838019686,-1.6431239388794567,0.19047619047619035,-0.4999999999999999,249,1023,,0.04071129902499675,0.07164420461469832,-0.17857142857142838,0.2666666666666667,0.04575163398692805,-0.7343876118017497,0.2969937613325831,-1.3598639455782313,0.21428571428571408,-0.7745098039215688,78,471,1.089171974522293,-0.4771211754228058,0.10343866994208978,-0.7738095238095237,0.16666666666666652,-0.5,-1.0285089306828437,0.19508879050792802,-1.6111111111111112,0.0,-1.0476190476190477,249,552,,-0.46711265300182825,0.1371362150165985,-0.7738095238095237,0.25,-0.5,-1.0135550970602518,0.22683355288571658,-1.6333333333333333,0.0,-1.0476190476190477,264,582,,-0.4578127903964121,0.16182830785050548,-0.7738095238095237,0.25,-0.5,-1.0017716493639215,0.2505417266577148,-1.646153846153846,0.0,-1.0476190476190477,279,612,,-0.4416088564904273,0.19647313230378546,-0.7738095238095237,0.25,-0.5,-0.979005003132127,0.28838492350973466,-1.6794871794871795,0.0,-1.0476190476190477,309,672,
00271.cnf,38,166,,-0.4815264182335078,0.08802419889182803,-0.732142857142857,0.0,-0.4999999999999998,-1.0514992677306112,0.16566448959589697,-1.595959595959596,-0.3333333333333335,-1.0833333333333335,242,536,,-0.5042520477127326,0.0812464289318224,-0.6140350877192988,-0.11111111111111116,-0.5238095238095235,-1.0373881458615133,0.12134397025042146,-1.2280701754385965,-0.5555555555555556,-1.0476190476190477,204,498,,-0.49129309470611315,0.14063924851381504,-0.8090909090909095,-0.16666666666666652,-0.4999999999999998,-1.0324529860820184,0.3074503646663741,-1.6515151515151514,-0.5,-1.0833333333333335,408,868,,-0.12961105638342818,0.07442630885322066,-0.3500000000000001,0.45833333333333337,-0.1347519113746296,-0.7037870045968222,0.3710579810448699,-1.597979797979798,0.8333333333333331,-0.5087719298245615,242,1008,,0.04818958260430722,0.06002422920567979,-0.13749999999999973,0.22499999999999998,0.05000000000000032,-0.7170632625564048,0.2802845158043337,-1.2569444444444442,0.3181818181818181,-0.7500000000000002,76,472,1.055084745762712,-0.4815264182335078,0.08802419889182803,-0.732142857142857,0.0,-0.4999999999999998,-1.0514992677306112,0.16566448959589697,-1.595959595959596,-0.3333333333333335,-1.0833333333333335,242,536,,-0.470611274277352,0.1296043230051921,-0.7321428571428572,0.25,-0.5,-1.0343946787409686,0.20674125992912964,-1.6090225563909775,0.0,-1.0833333333333335,257,566,,-0.46015027591479296,0.15788979880945478,-0.7484472049689437,0.25,-0.5,-1.022106928225618,0.23584081173357707,-1.6273291925465838,0.0,-1.0833333333333335,272,596,,-0.442817139385648,0.19426189520947412,-0.7801932367149753,0.25,-0.5,-0.995902247283268,0.27905819618431427,-1.6908212560386473,0.0,-1.0476190476190477,302,656,
00274.cnf,17,81,,-0.39548999611499613,0.1092036475001008,-0.675,-0.12499999999999978,-0.39393939393939403,-0.9588533688533689,0.21696844979211832,-1.5681818181818181,-0.3333333333333335,-0.9333333333333333,115,260,,-0.38160745290374926,0.09942382596455462,-0.6041666666666667,-0.1212121212121211,-0.38095238095238093,-0.9315820927975976,0.1244461509432841,-1.2083333333333335,-0.6666666666666667,-0.9487179487179487,98,243,,-0.4474037284463826,0.12320981099758158,-0.7750000000000001,-0.12499999999999978,-0.41666666666666674,-0.9776102780842117,0.28019190027483165,-1.6515151515151514,-0.3333333333333335,-0.8944444444444445,196,422,,-0.030502639642392932,0.0698158531998814,-0.24880382775119592,0.16666666666666685,-0.030303030303030498,-0.5756024585552229,0.28199588454502805,-1.4499999999999997,0.0111111111111111,-0.435897435897436,115,457,,0.19688099444929846,0.05405434863499779,0.022727272727272707,0.34340659340659363,0.2016806722689074,-0.35575901312035235,0.31035642306674216,-1.0914285714285716,0.6978021978021978,-0.3412698412698413,34,197,1.233502538071066,-0.39548999611499613,0.1092036475001008,-0.675,-0.12499999999999978,-0.39393939393939403,-0.9588533688533689,0.21696844979211832,-1.5681818181818181,-0.3333333333333335,-0.9333333333333333,115,260,,-0.3819677761386686,0.15417497621564502,-0.675,0.25,-0.4166666666666665,-0.9361886907323014,0.2590405263137261,-1.5777777777777777,0.0,-0.9333333333333333,130,290,,-0.3694649434082,0.1821000242358326,-0.675,0.25,-0.4166666666666663,-0.9219670798864879,0.28612283121066995,-1.595959595959596,0.0,-0.9333333333333333,145,320,,-0.35553979165648136,0.220845657352295,-0.6761363636363633,0.25,-0.4166666666666665,-0.9007361659577725,0.3260992920058463,-1.623931623931624,0.0,-0.9696969696969697,175,380,
00276.cnf,36,158,,-0.4642187523805171,0.10049759297217581,-0.7333333333333332,-0.16666666666666652,-0.48484848484848486,-1.0226654881066648,0.1848809450232431,-1.623931623931624,-0.3333333333333335,-1.0256410256410255,230,510,,-0.48834110830378025,0.08643667196995908,-0.6166666666666671,-0.04166666666666674,-0.5,-1.0170601521710587,0.13380157211447202,-1.2333333333333334,-0.3333333333333335,-1.0392156862745099,194,474,,-0.4831098807900546,0.1362641537432273,-0.8119658119658122,-0.16666666666666674,-0.4666666666666668,-1.0169927476739185,0.2923041864985423,-1.657142857142857,-0.5,-1.0256410256410255,388,826,,-0.12317056473791858,0.08098876180961492,-0.43356643356643376,0.41666666666666674,-0.125,-0.6836638157061594,0.36921458767492604,-1.653445512820513,0.8333333333333331,-0.49523809523809514,230,940,,0.05327552791079218,0.07130556646689253,-0.17613636363636376,0.275,0.05865384615384622,-0.6701534086629264,0.3014994726993053,-1.3099999999999998,0.4208333333333333,-0.6993589743589743,72,430,1.1023255813953488,-0.4642187523805171,0.10049759297217581,-0.7333333333333332,-0.16666666666666652,-0.48484848484848486,-1.0226654881066648,0.1848809450232431,-1.623931623931624,-0.3333333333333335,-1.0256410256410255,230,510,,-0.4510498554942999,0.13840917794475252,-0.7333333333333332,0.25,-0.4820075757575757,-1.0046402671402672,0.22537612506568538,-1.6349206349206349,0.0,-1.0256410256410255,245,540,,-0.44159855622384225,0.16408268747192836,-0.7571428571428573,0.25,-0.47916666666666674,-0.9903086442331295,0.2543149619439224,-1.6349206349206349,0.0,-1.0256410256410255,260,570,,-0.42713557047651557,0.19855686463672084,-0.7662337662337657,0.25,-0.48484848484848486,-0.9683761329492665,0.2897931537844777,-1.6666666666666665,0.0,-1.0256410256410255,290,630,
00288.cnf,12,62,,-0.3124384313778253,0.11175561811786797,-0.5857142857142861,-0.04166666666666674,-0.3166666666666669,-0.9219572339837491,0.22274828165495708,-1.625,-0.4583333333333335,-0.8958333333333335,86,198,,-0.27350260886289046,0.11085876688433523,-0.5416666666666665,0.04761904761904767,-0.25757575757575735,-1.007454004733167,0.10887993824203818,-1.1515151515151516,-0.6190476190476191,-1.033496732026144,74,186,,-0.4032453355822921,0.12405117795443535,-0.8230769230769235,-0.04166666666666674,-0.38020833333333337,-0.9530264486203928,0.27334094985809326,-1.7230769230769232,-0.5,-0.9230769230769231,148,322,,0.024018639252856522,0.061585101219046874,-0.15406162464985962,0.2857142857142857,0.02604166666666674,-0.44103486180327517,0.17009952396879377,-1.0690476190476192,0.19047619047619035,-0.41666666666666663,86,333,,0.27292276518153713,0.06188248911560641,0.1165413533834585,0.4545454545454546,0.27272727272727293,0.059449382651137035,0.33537980380078525,-0.8272727272727272,0.9090909090909093,0.0555555555555555,24,135,1.3777777777777778,-0.3124384313778253,0.11175561811786797,-0.5857142857142861,-0.04166666666666674,-0.3166666666666669,-0.9219572339837491,0.22274828165495708,-1.625,-0.4583333333333335,-0.8958333333333335,86,198,,-0.30211693155772107,0.1531282079581284,-0.6038961038961035,0.25,-0.316666666666667,-0.904642418375971,0.2686301342838938,-1.625,0.0,-0.9190476190476191,101,228,,-0.2946349285183074,0.17679055790443196,-0.589285714285714,0.25,-0.33333333333333326,-0.9028004561178296,0.29890370646506786,-1.6823529411764706,0.0,-0.9545454545454545,116,258,,-0.28870727340811747,0.21139897149055734,-0.6071428571428572,0.25,-0.3333333333333335,-0.8992362754119307,0.3393080943627672,-1.7280701754385965,0.0,-0.9761904761904762,146,318,
00297.cnf,27,121,,-0.4245700826950827,0.12062486621304264,-0.6696428571428572,0.0,-0.44444444444444464,-0.9971619584119585,0.22567929311219773,-1.595959595959596,-0.08333333333333348,-1.0476190476190477,175,390,,-0.4322840432223028,0.11339449099729548,-0.6111111111111114,0.0,-0.4444444444444444,-0.9842383351042807,0.13493286858834888,-1.2222222222222223,-0.16666666666666674,-1.0,148,363,,-0.4635922259438873,0.13410297735704016,-0.7979797979797978,-0.08333333333333326,-0.43939393939393934,-1.0020113259630663,0.2991045482317382,-1.6888888888888889,-0.08333333333333348,-0.9696969696969697,296,632,,-0.07950045022343606,0.08371498157745935,-0.3958333333333339,0.41666666666666674,-0.0833333333333337,-0.6339525218223279,0.3288450329080757,-1.4666353383458648,0.8333333333333331,-0.4666666666666667,175,711,,0.11057507750776462,0.07304175791315226,-0.07954545454545481,0.2941176470588234,0.11188811188811199,-0.5755132002721713,0.30679798095331384,-1.2714285714285714,0.4666666666666668,-0.6190476190476188,54,321,1.1308411214953271,-0.4245700826950827,0.12062486621304264,-0.6696428571428572,0.0,-0.44444444444444464,-0.9971619584119585,0.22567929311219773,-1.595959595959596,-0.08333333333333348,-1.0476190476190477,175,390,,-0.4134668109668109,0.15403948638321505,-0.6875,0.25,-0.45238095238095233,-0.9790023534666391,0.2589981858234731,-1.619047619047619,0.0,-1.0476190476190477,190,420,,-0.40370569136745604,0.17910304830729093,-0.6875,0.25,-0.45238095238095233,-0.9617919767233494,0.2855114058016885,-1.6333333333333333,0.0,-1.0454545454545454,205,450,,-0.38793302558008436,0.21177278958352638,-0.6875,0.25,-0.45238095238095233,-0.9402180009532951,0.3188815434888243,-1.6825396825396826,0.0,-1.0454545454545454,235,510,
00299.cnf,36,158,,-0.4636865476571359,0.10625009153678908,-0.7662337662337666,0.0,-0.4752747252747255,-1.0119030044030044,0.20134324072449797,-1.6753246753246753,-0.1333333333333333,-1.0476190476190477,230,510,,-0.48970170463544016,0.09123814061576715,-0.6231884057971013,-0.08333333333333348,-0.5128205128205128,-1.0211438233550731,0.13131363375517105,-1.2463768115942029,-0.4583333333333335,-1.0392156862745099,194,474,,-0.48177997748821,0.13744168166091697,-0.8473684210526318,0.0,-0.4600000000000005,-1.0093526194010456,0.2924952212621473,-1.72,-0.33333333333333337,-1.0,388,826,,-0.11829974466297957,0.08640319182264442,-0.3575757575757579,0.45833333333333337,-0.125,-0.6817915188343497,0.37208848577847986,-1.5714285714285714,0.8333333333333331,-0.5045045045045046,230,935,,0.050788999418080245,0.0678238826617031,-0.18939393939393923,0.24675324675324695,0.05555555555555547,-0.6653627279066876,0.28997734761241256,-1.3594202898550722,0.21428571428571408,-0.685897435897436,72,425,1.1152941176470588,-0.4636865476571359,0.10625009153678908,-0.7662337662337666,0.0,-0.4752747252747255,-1.0119030044030044,0.20134324072449797,-1.6753246753246753,-0.1333333333333333,-1.0476190476190477,230,510,,-0.45340844340844344,0.14079912235497705,-0.7662337662337666,0.25,-0.4767628205128206,-0.9972448898837789,0.23359633477879838,-1.6753246753246753,0.0,-1.0476190476190477,245,540,,-0.4453988477982286,0.1646158529070337,-0.7914438502673793,0.25,-0.4722222222222221,-0.9854973709927272,0.2569911048774463,-1.700534759358289,0.0,-1.0476190476190477,260,570,,-0.4301640411409319,0.19997607169550574,-0.825757575757575,0.25,-0.47916666666666674,-0.9651324881156814,0.2935784682185993,-1.7424242424242424,0.0,-1.0392156862745099,290,630,
00307.cnf,30,133,,-0.4531219525100644,0.10326217930449531,-0.7424242424242418,-0.09523809523809512,-0.46666666666666656,-1.01022969519473,0.19892141022417234,-1.646153846153846,-0.3333333333333335,-1.0476190476190477,193,429,,-0.47000287376227223,0.084504926422882,-0.6190476190476188,-0.22222222222222232,-0.4791666666666665,-0.9910082676999971,0.12886243531121322,-1.2380952380952381,-0.5555555555555556,-1.0,163,399,,-0.47662134907458653,0.13426915569247172,-0.8600000000000012,-0.09523809523809512,-0.4600000000000002,-1.0091394233264737,0.2946020181722674,-1.72,-0.3333333333333335,-1.0,326,695,,-0.09891498565014607,0.07713082832062963,-0.3942307692307687,0.16666666666666674,-0.10000000000000009,-0.6692038012550707,0.35304792078487046,-1.6597701149425286,0.19047619047619035,-0.49523809523809514,193,787,,0.08886363272551594,0.0657006503822702,-0.10227272727272707,0.2564102564102565,0.09097222222222212,-0.6471760121083611,0.28935539045782643,-1.2666666666666668,0.27350427350427353,-0.655554298642534,60,358,1.1145251396648044,-0.4531219525100644,0.10326217930449531,-0.7424242424242418,-0.09523809523809512,-0.46666666666666656,-1.01022969519473,0.19892141022417234,-1.646153846153846,-0.3333333333333335,-1.0476190476190477,193,429,,-0.44109768466063615,0.1438929981751791,-0.7424242424242418,0.25,-0.4666666666666668,-0.9920651460555142,0.23772891142993555,-1.646153846153846,0.0,-1.0476190476190477,208,459,,-0.4309935355786179,0.17088163792959737,-0.7424242424242418,0.25,-0.4666666666666668,-0.9765817542698395,0.26551288783778304,-1.694736842105263,0.0,-1.0476190476190477,223,489,,-0.41335033419276085,0.20642406012048892,-0.7636363636363639,0.25,-0.466666666666667,-0.9565335400246329,0.30058985533207355,-1.694736842105263,0.0,-1.0000000000000002,253,549,
00311.cnf,17,81,,-0.40921156300963996,0.10272981131596602,-0.669642857142857,-0.08333333333333326,-0.41666666666666674,-0.971009151105305,0.20128410752909695,-1.6181818181818182,-0.4761904761904763,-0.9696969696969697,115,260,,-0.4002912356025531,0.09072966400611132,-0.6000000000000001,-0.16666666666666652,-0.4035087719298245,-0.9537498179855709,0.10192163466164852,-1.2000000000000002,-0.6666666666666667,-0.9583333333333335,98,243,,-0.45431261076995677,0.12263337621720198,-0.7916666666666667,-0.16666666666666652,-0.4375,-0.9858072746105923,0.27897219944446267,-1.623931623931624,-0.4761904761904763,-0.9333333333333333,196,422,,-0.031056711529746643,0.06698583845617986,-0.24812030075187996,0.23809523809523792,-0.02777777777777768,-0.5700962741042573,0.27514583845917395,-1.3989915966386555,0.19047619047619035,-0.44444444444444453,115,460,,0.19826460326953754,0.06306921725939216,0.01388888888888895,0.34999999999999987,0.2073815073815075,-0.3068627886915716,0.3303873401727726,-1.1880952380952379,0.5874125874125874,-0.32358682983682985,34,200,1.215,-0.40921156300963996,0.10272981131596602,-0.669642857142857,-0.08333333333333326,-0.41666666666666674,-0.971009151105305,0.20128410752909695,-1.6181818181818182,-0.4761904761904763,-0.9696969696969697,115,260,,-0.3938498685785704,0.15387069867643566,-0.6875,0.25,-0.41666666666666674,-0.9528679800028685,0.249020725406061,-1.6181818181818182,0.0,-0.9696969696969697,130,290,,-0.381401833460657,0.184190733135597,-0.7013888888888891,0.25,-0.41666666666666674,-0.9349009196481622,0.2792858650891144,-1.6515151515151514,0.0,-0.9696969696969697,145,320,,-0.3604689258539877,0.22103690985810157,-0.7500000000000002,0.25,-0.43181818181818166,-0.9111793654402014,0.32272543699230094,-1.6753246753246753,0.0,-1.0,175,380,
00317.cnf,24,109,,-0.42556487118452935,0.10240976387746446,-0.6904761904761902,-0.04166666666666674,-0.41666666666666696,-0.9878062583190788,0.2050599434573887,-1.6333333333333333,-0.33333333333333337,-1.0,157,351,,-0.43127847705346506,0.09360988260224112,-0.6166666666666669,-0.16666666666666652,-0.44444444444444464,-0.9671883777738439,0.13071714290692368,-1.2333333333333334,-0.5555555555555556,-0.9833333333333334,133,327,,-0.46083078706101555,0.12704115893304951,-0.8333333333333335,-0.07142857142857162,-0.43333333333333357,-0.9951000278768293,0.2880460894002968,-1.6848484848484848,-0.33333333333333337,-0.9615384615384617,266,569,,-0.07554294453111446,0.07513727691378806,-0.36190476190476173,0.23809523809523803,-0.07619047619047614,-0.6369150762903104,0.32318099098669323,-1.5,0.19047619047619035,-0.4731182795698924,157,631,,0.12807651965214997,0.0600179151828685,-0.02777777777777768,0.28055555555555567,0.12712104072398206,-0.5732554073931437,0.2732837038029775,-1.25,0.4,-0.5893382352941177,48,280,1.167857142857143,-0.42556487118452935,0.10240976387746446,-0.6904761904761902,-0.04166666666666674,-0.41666666666666696,-0.9878062583190788,0.2050599434573887,-1.6333333333333333,-0.33333333333333337,-1.0,157,351,,-0.414837397219287,0.1447357068325487,-0.7071428571428569,0.25,-0.4393939393939392,-0.9706731734290791,0.24295778819046876,-1.6363636363636362,0.0,-1.0,172,381,,-0.40323736144904027,0.17205427776818824,-0.7250000000000001,0.25,-0.4375,-0.955466465137998,0.27043823800306466,-1.675,0.0,-1.0,187,411,,-0.38686243522792785,0.20874525014160392,-0.7386363636363635,0.25,-0.4444444444444444,-0.9326904391488506,0.3105454690377833,-1.700534759358289,0.0,-1.0,217,471,
00320.cnf,19,89,,-0.39922041342495884,0.11172354625144615,-0.6727272727272731,0.0,-0.4166666666666665,-0.9641841744114472,0.21882625220989607,-1.6349206349206349,-0.33333333333333337,-0.9761904761904762,127,286,,-0.39969010335657296,0.10660429431480697,-0.6140350877192984,1.1102230246251565e-16,-0.4035087719298247,-0.9487717400835871,0.13778706722345072,-1.2280701754385965,-0.4761904761904763,-0.9523809523809524,108,267,,-0.44623365140606525,0.12727005352099624,-0.8186813186813184,-0.10000000000000009,-0.44999999999999973,-0.9805787064946547,0.28408129470340604,-1.7063492063492065,-0.4583333333333335,-0.9285714285714286,216,464,,-0.04188024624507375,0.07716168030211921,-0.2777777777777777,0.45833333333333337,-0.04761904761904745,-0.5862741907201064,0.28699290688349793,-1.4757142857142858,0.8333333333333331,-0.4696969696969697,127,506,,0.17785054226740837,0.06407070337602801,0.0,0.3571428571428572,0.18733974358974365,-0.4156469741073396,0.3058188420583493,-1.1121794871794874,0.4666666666666667,-0.42828005328005325,38,220,1.2136363636363636,-0.39922041342495884,0.11172354625144615,-0.6727272727272731,0.0,-0.4166666666666665,-0.9641841744114472,0.21882625220989607,-1.6349206349206349,-0.33333333333333337,-0.9761904761904762,127,286,,-0.3856199268382813,0.15463233488826514,-0.6916666666666662,0.25,-0.4166666666666665,-0.9505248355723039,0.2583004045807687,-1.6666666666666665,0.0,-1.0,142,316,,-0.37350904153649817,0.1806427640447128,-0.6916666666666662,0.25,-0.4166666666666665,-0.934827006647816,0.28625110570034995,-1.6888888888888889,0.0,-0.9696969696969697,157,346,,-0.35751373405876674,0.21498158376077936,-0.6823529411764708,0.25,-0.41666666666666685,-0.9089715837388137,0.32508479952524916,-1.7070707070707072,0.0,-0.9696969696969697,187,406,
00324.cnf,26,117,,-0.4293392431323466,0.10365050716149321,-0.675,-0.08333333333333326,-0.43939393939393945,-0.986084222291119,0.1990521684906961,-1.6181818181818182,-0.33333333333333337,-1.0,169,377,,-0.4325579370074091,0.10294860629500761,-0.6140350877192984,0.0,-0.4444444444444442,-0.980486386347901,0.1328308904179989,-1.2280701754385965,-0.5555555555555556,-1.0000000000000002,143,351,,-0.46173278212967245,0.12684926604936256,-0.8083333333333338,-0.16666666666666652,-0.4500000000000002,-0.9938766906852013,0.2780492466890087,-1.6357142857142857,-0.5,-0.9696969696969697,286,611,,-0.0862945610639424,0.07640548135014083,-0.3392857142857144,0.2857142857142857,-0.08666666666666667,-0.642804433159027,0.3403103034223119,-1.5476190476190477,0.19047619047619035,-0.45977011494252873,169,679,,0.10979286546012765,0.06515132088558427,-0.07499999999999996,0.26969696969696977,0.11250000000000004,-0.5613509434007776,0.3207187296649908,-1.2166666666666668,0.5,-0.5801282051282051,52,302,1.1622516556291391,-0.4293392431323466,0.10365050716149321,-0.675,-0.08333333333333326,-0.43939393939393945,-0.986084222291119,0.1990521684906961,-1.6181818181818182,-0.33333333333333337,-1.0,169,377,,-0.41575521141029165,0.14558622228954318,-0.7083333333333337,0.25,-0.43939393939393945,-0.9721181618240443,0.23645915515132682,-1.6333333333333333,0.0,-1.0,184,407,,-0.40442371487626216,0.1727495742408785,-0.7222222222222219,0.25,-0.44444444444444464,-0.9552870848155687,0.2681380311985843,-1.6515151515151514,0.0,-1.0,199,437,,-0.38690053386786416,0.2069874496227453,-0.7460317460317456,0.25,-0.4523809523809521,-0.9313568722098851,0.3047670176131601,-1.7,0.0,-0.9696969696969697,229,497,
00326.cnf,35,154,,-0.47012006270054557,0.09125286592326985,-0.7571428571428569,-0.16666666666666652,-0.47916666666666674,-1.0300112585826873,0.1784678045132805,-1.6643356643356644,-0.3333333333333335,-1.0476190476190477,224,497,,-0.4858860673604752,0.08765133229348465,-0.6212121212121211,0.0,-0.5,-1.011839081715896,0.13723649550310746,-1.2424242424242424,-0.16666666666666674,-1.0256410256410255,189,462,,-0.48413894421658393,0.1389160496276059,-0.823076923076923,-0.20000000000000018,-0.4666666666666668,-1.020406563760601,0.303880727224628,-1.6643356643356644,-0.5,-1.0476190476190477,378,805,,-0.11940975672880139,0.07758961124132825,-0.3791208791208791,0.41666666666666674,-0.1217948717948718,-0.6809519564679198,0.3591492345144344,-1.6132553606237816,0.8333333333333331,-0.4901960784313725,224,922,,0.059331874432857895,0.06453821144126279,-0.11111111111111116,0.22527472527472525,0.0625,-0.6533462775454443,0.287790214410129,-1.2563025210084033,0.30769230769230793,-0.6990740740740741,70,425,1.0870588235294119,-0.47012006270054557,0.09125286592326985,-0.7571428571428569,-0.16666666666666652,-0.47916666666666674,-1.0300112585826873,0.1784678045132805,-1.6643356643356644,-0.3333333333333335,-1.0476190476190477,224,497,,-0.45746209040801067,0.13154664474212122,-0.7571428571428569,0.25,-0.47916666666666674,-1.0131118038613294,0.21695886287182947,-1.7070707070707072,0.0,-1.0476190476190477,239,527,,-0.44771182587609876,0.158104286843152,-0.7571428571428569,0.25,-0.48484848484848464,-0.9981744218279226,0.24436104760711513,-1.7181818181818183,0.0,-1.0476190476190477,254,557,,-0.427398083637954,0.19499598619430208,-0.7888888888888888,0.25,-0.47916666666666674,-0.9723210339093646,0.2859673858482107,-1.7181818181818183,0.0,-1.0000000000000002,284,617,
00334.cnf,28,125,,-0.4354558523913362,0.10668648428310137,-0.75,-0.10416666666666674,-0.45238095238095233,-0.9991012571657734,0.20148461237576668,-1.6333333333333333,-0.3333333333333335,-1.0476190476190477,181,403,,-0.4387685926503264,0.11342642760919357,-0.6140350877192988,0.025641025641025883,-0.46666666666666656,-0.9898828966928038,0.13782477829573034,-1.2280701754385965,-0.33333333333333337,-1.0000000000000002,153,375,,-0.46722331607477086,0.12703029721445522,-0.8174603174603177,-0.16666666666666674,-0.4444444444444442,-1.00191683847886,0.27929175193284717,-1.6349206349206349,-0.5,-0.9444444444444444,306,653,,-0.08983889413126013,0.08155494004079474,-0.3975155279503102,0.41666666666666674,-0.09375,-0.6485358600788328,0.34302023316358954,-1.6248955722639933,0.8333333333333331,-0.4731182795698924,181,733,,0.10150936544301312,0.06699023483398289,-0.09523809523809512,0.2823529411764706,0.10769230769230764,-0.5986251063802512,0.31550268877797477,-1.304621848739496,0.5490196078431372,-0.6179653679653678,56,330,1.1363636363636365,-0.4354558523913362,0.10668648428310137,-0.75,-0.10416666666666674,-0.45238095238095233,-0.9991012571657734,0.20148461237576668,-1.6333333333333333,-0.3333333333333335,-1.0476190476190477,181,403,,-0.42241454202375567,0.1449190799101027,-0.7638888888888888,0.25,-0.45238095238095233,-0.97951001971301,0.24050698339146878,-1.6447368421052633,0.0,-1.0454545454545454,196,433,,-0.4105413125391527,0.17138477998057725,-0.7833333333333334,0.25,-0.4500000000000002,-0.9627482788389916,0.2707003488937588,-1.6777777777777778,0.0,-1.0,211,463,,-0.39327742047627323,0.20513831061875848,-0.7833333333333334,0.25,-0.44999999999999996,-0.9391940436873516,0.3080527563347469,-1.7070707070707072,0.0,-1.0,241,523,
00339.cnf,30,133,,-0.45833791952673064,0.1058736361546401,-0.75,0.16666666666666663,-0.474358974358974,-1.015948354934369,0.19603183009710287,-1.657142857142857,-1.1102230246251565e-16,-1.0476190476190477,193,429,,-0.46764537035609455,0.08963183113124164,-0.6212121212121209,-0.11111111111111116,-0.47916666666666674,-1.002445992476991,0.12779028335485565,-1.2424242424242424,-0.4761904761904763,-1.0000000000000002,163,399,,-0.47973760135101645,0.13337438231955284,-0.8012820512820511,-0.11111111111111116,-0.4500000000000002,-1.0137886350730192,0.29413736336837704,-1.6794871794871795,-0.5,-1.0,326,695,,-0.0983876051500734,0.08047199121945506,-0.39743589743589736,0.33333333333333326,-0.10256410256410264,-0.6713177611002993,0.3603776432115821,-1.6117187499999999,0.33333333333333326,-0.48484848484848475,193,789,,0.0884887560111696,0.07298215728016573,-0.09999999999999964,0.30000000000000004,0.09198717948717938,-0.6237435095952529,0.31020330208248115,-1.3772486772486772,0.26666666666666683,-0.6291666666666667,60,360,1.1083333333333334,-0.45833791952673064,0.1058736361546401,-0.75,0.16666666666666663,-0.474358974358974,-1.015948354934369,0.19603183009710287,-1.657142857142857,-1.1102230246251565e-16,-1.0476190476190477,193,429,,-0.44384937101655364,0.14568610065485496,-0.75,0.25,-0.474358974358974,-1.0005340710965065,0.23529701295196603,-1.694736842105263,0.0,-1.0476190476190477,208,459,,-0.4324770351746172,0.1719777813828349,-0.75,0.25,-0.4791666666666665,-0.9888466082349158,0.2619402935302521,-1.722943722943723,0.0,-1.0476190476190477,223,489,,-0.415696237068194,0.20727158825839714,-0.7590909090909093,0.25,-0.4791666666666665,-0.9612883492787568,0.3035053350877864,-1.722943722943723,0.0,-1.0454545454545454,253,549,
00341.cnf,25,113,,-0.4255028510866423,0.1120584349137773,-0.75,0.125,-0.4376456876456877,-0.9753358896902853,0.2222298088943373,-1.595959595959596,0.16666666666666652,-1.0,163,364,,-0.44001270771182277,0.08911290032304935,-0.6166666666666671,-0.16666666666666652,-0.4358974358974361,-0.9704137864275814,0.1301923704278703,-1.2333333333333334,-0.4583333333333335,-0.9833333333333334,138,339,,-0.46056593124389733,0.13341813959003396,-0.7888888888888888,0.09999999999999998,-0.4358974358974358,-0.9888452413876143,0.29855864078229544,-1.646153846153846,0.0,-0.9333333333333333,276,590,,-0.07582522134839675,0.07501109064460863,-0.33333333333333326,0.25,-0.08333333333333304,-0.6291319040452412,0.3218193993698855,-1.619047619047619,0.19047619047619035,-0.47916666666666685,163,651,,0.12068758420867624,0.060715672986052134,-0.04824561403508776,0.2666666666666667,0.11874999999999991,-0.533328753681703,0.3012294923600196,-1.2666666666666666,0.3777777777777779,-0.5555555555555554,50,287,1.181184668989547,-0.4255028510866423,0.1120584349137773,-0.75,0.125,-0.4376456876456877,-0.9753358896902853,0.2222298088943373,-1.595959595959596,0.16666666666666652,-1.0,163,364,,-0.413320340826686,0.15160934111362373,-0.75,0.25,-0.43939393939393945,-0.9551606529398409,0.25932437373330736,-1.6111111111111112,0.16666666666666652,-1.0,178,394,,-0.4034504464582156,0.17734634367482252,-0.75,0.25,-0.43939393939393945,-0.9450056464068674,0.28145455025972044,-1.6349206349206349,0.16666666666666652,-1.0,193,424,,-0.3891023206073069,0.21141555552456423,-0.75,0.25,-0.45238095238095233,-0.9223666111022826,0.3175684600902801,-1.6601307189542482,0.16666666666666652,-1.0,223,484,
00345.cnf,35,154,,-0.4624007755043972,0.09944369274209401,-0.7166666666666668,-0.08333333333333348,-0.47916666666666674,-1.0240796985263787,0.18320553233324008,-1.6904761904761905,-0.33333333333333337,-1.0476190476190477,224,497,,-0.47779233081945066,0.09519989580362817,-0.607843137254902,-0.1282051282051282,-0.4999999999999998,-1.0202451511084056,0.1289031132116742,-1.215686274509804,-0.4583333333333335,-1.0256410256410255,189,462,,-0.4815662029481905,0.13432200565763153,-0.8249999999999995,-0.10000000000000009,-0.4666666666666668,-1.01695789372808,0.29436672645078005,-1.6904761904761905,-0.5,-1.0256410256410255,378,805,,-0.11778181675424762,0.08105758389969986,-0.40476190476190466,0.16666666666666663,-0.1213203463203466,-0.6825083385568731,0.3619230451313126,-1.6267990074441687,0.19047619047619035,-0.4999999999999999,224,918,,0.05219389407333781,0.07159244783501928,-0.20833333333333326,0.2777777777777778,0.05555555555555569,-0.6751033797282207,0.2985902242708047,-1.2942307692307693,0.34343434343434326,-0.6754385964912282,70,421,1.0973871733966747,-0.4624007755043972,0.09944369274209401,-0.7166666666666668,-0.08333333333333348,-0.47916666666666674,-1.0240796985263787,0.18320553233324008,-1.6904761904761905,-0.33333333333333337,-1.0476190476190477,224,497,,-0.4509536004792172,0.13660845711176278,-0.723076923076923,0.25,-0.47916666666666674,-1.007346332773278,0.22229502632311554,-1.7222222222222223,0.0,-1.0476190476190477,239,527,,-0.4395342912622984,0.16235699203919218,-0.723076923076923,0.25,-0.47916666666666674,-0.9920009374228405,0.2512264887379905,-1.7222222222222223,0.0,-1.0476190476190477,254,557,,-0.4235392143130647,0.19800140424382534,-0.7285714285714286,0.25,-0.47916666666666674,-0.970243437876695,0.29184985620155146,-1.7222222222222223,0.0,-1.0476190476190477,284,617,
00346.cnf,26,117,,-0.4498789671866595,0.09779085289068151,-0.709090909090909,-0.08333333333333348,-0.46666666666666656,-1.01194004934058,0.19146659855709877,-1.646153846153846,-0.33333333333333337,-1.0476190476190477,169,377,,-0.4595383723588851,0.08634377553847807,-0.6190476190476184,-0.2051282051282053,-0.466666666666667,-0.9830673645247551,0.12493942225501277,-1.2380952380952381,-0.5833333333333335,-1.0,143,351,,-0.47401692006847496,0.13340663129287303,-0.7980769230769236,-0.10000000000000009,-0.4444444444444444,-1.009184005665184,0.2948968383165992,-1.646153846153846,-0.5,-1.0,286,611,,-0.08369162021590658,0.07148263866928772,-0.3392857142857142,0.16666666666666674,-0.08333333333333326,-0.6438078396945772,0.3281954311145392,-1.5744047619047619,-1.1102230246251565e-16,-0.47916666666666685,169,691,,0.11034071058307669,0.067296580745209,-0.06410256410256387,0.31818181818181823,0.10625000000000007,-0.564486395406801,0.31621964553063975,-1.2125000000000001,0.5454545454545454,-0.5893696581196581,52,314,1.1178343949044587,-0.4498789671866595,0.09779085289068151,-0.709090909090909,-0.08333333333333348,-0.46666666666666656,-1.01194004934058,0.19146659855709877,-1.646153846153846,-0.33333333333333337,-1.0476190476190477,169,377,,-0.4358203913685197,0.14036986176186783,-0.709090909090909,0.25,-0.46666666666666656,-0.992027672508956,0.2320084912768159,-1.6823529411764706,0.0,-1.0454545454545454,184,407,,-0.4238168057269586,0.16966168142664811,-0.7285714285714286,0.25,-0.46666666666666656,-0.9793600057021412,0.2612859139928043,-1.7129186602870814,0.0,-1.0454545454545454,199,437,,-0.40365982943950746,0.20746835500740157,-0.7375,0.25,-0.4642857142857144,-0.9552222969853755,0.3061208171644103,-1.7666666666666666,0.0,-1.0476190476190477,229,497,
00347.cnf,37,162,,-0.4658553749734438,0.0974091880954974,-0.7222222222222221,-0.08333333333333348,-0.4791666666666665,-1.0199482560142217,0.18935221952642517,-1.7083333333333335,-0.4761904761904763,-1.0476190476190477,236,523,,-0.48461853445513575,0.09136973590406933,-0.6282051282051284,0.0,-0.4999999999999999,-1.01654856446977,0.13600260337509543,-1.2564102564102564,-0.3333333333333335,-1.0294871794871794,199,486,,-0.48276442090639254,0.13636482470556846,-0.8194444444444442,-0.09523809523809512,-0.45833333333333326,-1.0141163195324943,0.2930398982670378,-1.7083333333333335,-0.4761904761904763,-1.0,398,847,,-0.12646970618342193,0.07926722809341694,-0.4095238095238094,0.16666666666666685,-0.12878787878787845,-0.6895897520569627,0.3723272323054163,-1.5568181818181819,0.19047619047619035,-0.5303030303030306,236,965,,0.04103715676915005,0.06506479098234327,-0.16911764705882337,0.25,0.04166666666666685,-0.7030102000795372,0.295085653253197,-1.3927083333333334,0.25,-0.744480056980057,74,442,1.0995475113122173,-0.4658553749734438,0.0974091880954974,-0.7222222222222221,-0.08333333333333348,-0.4791666666666665,-1.0199482560142217,0.18935221952642517,-1.7083333333333335,-0.4761904761904763,-1.0476190476190477,236,523,,-0.4547875321383459,0.13440268488019075,-0.7222222222222221,0.25,-0.4791666666666665,-1.0071389856878104,0.22275954101018805,-1.7380952380952381,0.0,-1.0476190476190477,251,553,,-0.44391846718176053,0.1611812878480719,-0.7333333333333332,0.25,-0.4791666666666665,-0.9929405904748958,0.2515750454162159,-1.7564102564102564,0.0,-1.0454545454545454,266,583,,-0.42948932733569956,0.19605196069644626,-0.7571428571428573,0.25,-0.4791666666666665,-0.9706641350650412,0.29005257645761734,-1.772079772079772,0.0,-1.0384615384615385,296,643,
00354.cnf,28,125,,-0.45775720695075534,0.09421266436771471,-0.708333333333333,0.0,-0.4666666666666668,-1.0144688644688646,0.18549983301673661,-1.6515151515151514,-0.33333333333333337,-1.0,181,403,,-0.47713644307761965,0.07877094254907309,-0.6190476190476191,-0.16666666666666674,-0.4791666666666665,-0.9926795154736331,0.12803525947217076,-1.2380952380952381,-0.4583333333333335,-1.0,153,375,,-0.4776203423037042,0.13037350785319474,-0.7980769230769231,-0.04166666666666652,-0.45238095238095255,-1.010682851264781,0.28711662455073195,-1.7083333333333335,-0.3333333333333335,-0.9696969696969697,306,653,,-0.09083296811244666,0.07367974422220501,-0.3000000000000005,0.45833333333333337,-0.09139784946236551,-0.6480210861312308,0.3333250573180966,-1.515948275862069,0.8333333333333331,-0.4731182795698924,181,739,,0.09927753394813743,0.059724856688294324,-0.10714285714285698,0.2414860681114549,0.10471491228070179,-0.5477354769230771,0.30803358593746116,-1.2588235294117647,0.40000000000000013,-0.570858134920635,56,336,1.1160714285714286,-0.45775720695075534,0.09421266436771471,-0.708333333333333,0.0,-0.4666666666666668,-1.0144688644688646,0.18549983301673661,-1.6515151515151514,-0.33333333333333337,-1.0,181,403,,-0.44531482721266713,0.1387306673519092,-0.7179487179487178,0.25,-0.4666666666666668,-0.9976468670124423,0.2263055982559559,-1.6823529411764706,0.0,-1.0,196,433,,-0.43453351568743515,0.1669240978697777,-0.7333333333333338,0.25,-0.4666666666666668,-0.9811527974277308,0.2542539162981999,-1.6823529411764706,0.0,-1.0,211,463,,-0.4136041006007826,0.20592134804251408,-0.739583333333333,0.25,-0.4666666666666668,-0.9532183204703168,0.3002586852440968,-1.6904761904761905,0.0,-1.0,241,523,
00355.cnf,34,150,,-0.46895871288949803,0.10257882208589687,-0.732142857142857,0.0,-0.47916666666666674,-1.016723800763057,0.18774937616230017,-1.623931623931624,-0.33333333333333337,-1.0476190476190477,218,484,,-0.48810016381585003,0.08544740734676351,-0.6166666666666671,-0.16666666666666652,-0.49999999999999956,-1.011525821310135,0.1283850724266264,-1.2333333333333334,-0.5555555555555556,-1.0,184,450,,-0.48394885478750277,0.14335095447156893,-0.8090909090909093,0.0,-0.4666666666666668,-1.0106872081999634,0.30553889109525917,-1.623931623931624,-0.3333333333333335,-1.0000000000000002,368,784,,-0.11910480618227096,0.07804258397121894,-0.37941176470588145,0.23809523809523803,-0.12179487179487158,-0.6819541197596994,0.36260380281613586,-1.576480263157895,0.19047619047619035,-0.4901960784313725,218,891,,0.05749913792764908,0.06785466685424879,-0.1875,0.21153846153846145,0.06015037593984962,-0.6448122197174055,0.2808449132757551,-1.2850202429149797,0.38888888888888884,-0.6805555555555558,68,407,1.1056511056511056,-0.46895871288949803,0.10257882208589687,-0.732142857142857,0.0,-0.47916666666666674,-1.016723800763057,0.18774937616230017,-1.623931623931624,-0.33333333333333337,-1.0476190476190477,218,484,,-0.45698690630597244,0.14116965214273167,-0.732142857142857,0.25,-0.47916666666666685,-1.0035051038455707,0.22161421214784938,-1.6349206349206349,0.0,-1.0476190476190477,233,514,,-0.4457757642415634,0.16632052630981553,-0.746031746031746,0.25,-0.47916666666666674,-0.9902974170437405,0.24878492929535245,-1.672514619883041,0.0,-1.0476190476190477,248,544,,-0.42650048360879655,0.20201398933194506,-0.7638888888888893,0.25,-0.47916666666666674,-0.9694929689080527,0.2881364138244008,-1.672514619883041,0.0,-1.0476190476190477,278,604,
00363.cnf,25,113,,-0.44418463480963477,0.09857970693327583,-0.6904761904761907,0.0,-0.45833333333333315,-1.0136696636696638,0.19239598644172112,-1.6,-0.33333333333333337,-1.0476190476190477,163,364,,-0.4510101910544388,0.0817011849070272,-0.6166666666666669,-0.16666666666666696,-0.45238095238095233,-0.9669242344021107,0.12550875957134136,-1.2333333333333334,-0.5333333333333332,-0.9761904761904762,138,339,,-0.4709722624486229,0.12461756593647276,-0.8257575757575761,-0.125,-0.45000000000000007,-1.0093522390980019,0.2805101710662728,-1.672514619883041,-0.5,-1.0,276,590,,-0.074638814424035,0.07079416943338973,-0.29032258064516103,0.45833333333333337,-0.07618523949169165,-0.6414400040576818,0.32410608076364045,-1.5625000000000002,0.8333333333333331,-0.4901960784313725,163,666,,0.13025863840191187,0.05699355240297227,-0.013157894736841813,0.2840909090909093,0.12941176470588234,-0.5503041555468936,0.272712906068524,-1.3487012987012987,0.25,-0.5281746031746031,50,302,1.1225165562913908,-0.44418463480963477,0.09857970693327583,-0.6904761904761907,0.0,-0.45833333333333315,-1.0136696636696638,0.19239598644172112,-1.6,-0.33333333333333337,-1.0476190476190477,163,364,,-0.4313813865209804,0.14343414624849726,-0.7250000000000001,0.25,-0.46666666666666656,-0.9949057921773657,0.23347101325291278,-1.6333333333333333,0.0,-1.0476190476190477,178,394,,-0.4207938561975925,0.1728203791598403,-0.7250000000000001,0.25,-0.4654761904761905,-0.9808703754179176,0.2629896269170652,-1.6333333333333333,0.0,-1.0256410256410255,193,424,,-0.4021634597278899,0.21128372410063614,-0.7388888888888892,0.25,-0.4642857142857144,-0.9524712154116244,0.3069951575296781,-1.6923076923076923,0.0,-1.0465367965367967,223,484,
00366.cnf,38,166,,-0.47386777557020093,0.09568012022282736,-0.732142857142857,0.0,-0.4999999999999998,-1.0310092478002926,0.1848013527323526,-1.623931623931624,-1.1102230246251565e-16,-1.0476190476190477,242,536,,-0.49731298964159193,0.07692863118732056,-0.6166666666666669,-0.09523809523809512,-0.5,-1.0239344525742051,0.12543318876485562,-1.2333333333333334,-0.3333333333333335,-1.0362745098039217,204,498,,-0.4869459409637982,0.13807382371559512,-0.8499999999999999,-0.16666666666666674,-0.4666666666666668,-1.0210989471358134,0.29671941808753,-1.7,-0.5,-1.0256410256410255,408,868,,-0.1264004773937336,0.08549173625451308,-0.4780701754385963,0.25,-0.13333333333333353,-0.6969799932112659,0.374307680462607,-1.593979933110368,0.33333333333333326,-0.4999999999999999,242,994,,0.04298252588381863,0.06428155858901184,-0.23333333333333317,0.22916666666666674,0.04678197189807087,-0.6864311572544645,0.2778940598607746,-1.3271255060728744,0.20833333333333326,-0.721111111111111,76,458,1.0873362445414847,-0.47386777557020093,0.09568012022282736,-0.732142857142857,0.0,-0.4999999999999998,-1.0310092478002926,0.1848013527323526,-1.623931623931624,-1.1102230246251565e-16,-1.0476190476190477,242,536,,-0.4625206703386915,0.13284682065666228,-0.732142857142857,0.25,-0.4999999999999998,-1.0148639248462572,0.2210492246123318,-1.6666666666666667,0.0,-1.0476190476190477,257,566,,-0.45257386396228666,0.15847299806893708,-0.732142857142857,0.25,-0.4999999999999998,-1.0018512876944086,0.247008412875457,-1.6777777777777778,0.0,-1.0476190476190477,272,596,,-0.4363656054044373,0.19393128626698464,-0.7596153846153841,0.25,-0.4999999999999998,-0.9756037000280421,0.2885958539955373,-1.6777777777777778,0.0,-1.0476190476190477,302,656,
00369.cnf,33,146,,-0.4588576144308628,0.09965154591943692,-0.7840909090909087,-0.08333333333333326,-0.4666666666666668,-1.0136088787362671,0.1878128266869475,-1.623931623931624,-0.33333333333333337,-1.0476190476190477,212,471,,-0.4859509384075736,0.08501562230109884,-0.6166666666666669,-0.12820512820512797,-0.5000000000000001,-1.0174187386265667,0.12572739887763895,-1.2333333333333334,-0.4761904761904763,-1.0256410256410255,179,438,,-0.47828486995900943,0.1367815264355205,-0.8374999999999999,-0.16666666666666674,-0.4523809523809521,-1.0092797074776105,0.2966024142518828,-1.675,-0.3333333333333335,-1.0,358,763,,-0.11510272714726567,0.07749355036986057,-0.36309523809523747,0.41666666666666674,-0.11333333333333351,-0.674497370788316,0.3594365223127497,-1.5930127041742286,0.8333333333333331,-0.4901960784313725,212,864,,0.06139024549205823,0.06562371998519174,-0.16826923076923084,0.23076923076923084,0.0625,-0.6552858688010711,0.286373217564225,-1.2442307692307693,0.3863636363636365,-0.6777777777777776,66,393,1.1145038167938932,-0.4588576144308628,0.09965154591943692,-0.7840909090909087,-0.08333333333333326,-0.4666666666666668,-1.0136088787362671,0.1878128266869475,-1.623931623931624,-0.33333333333333337,-1.0476190476190477,212,471,,-0.4481442598209065,0.13792040066877329,-0.7840909090909087,0.25,-0.4722222222222221,-0.9956468016348257,0.22531893950185267,-1.6527777777777777,0.0,-1.0476190476190477,227,501,,-0.43803257787795397,0.16387184801465313,-0.7840909090909087,0.25,-0.4666666666666668,-0.979686121798819,0.2547166621303798,-1.6753246753246753,0.0,-1.0476190476190477,242,531,,-0.4208526508519829,0.19995328382465463,-0.7979797979797976,0.25,-0.46875,-0.9582739702930727,0.2931742396194248,-1.694736842105263,0.0,-1.0454545454545454,272,591,
00373.cnf,11,58,,-0.3078958503958504,0.10491627510551108,-0.5555555555555551,0.01666666666666672,-0.3030303030303032,-0.9175935025935028,0.20893869138194704,-1.6848484848484848,-0.4583333333333335,-0.888888888888889,80,185,,-0.25000277781717944,0.11087859962446575,-0.5666666666666669,0.025641025641025772,-0.25245098039215685,-1.0081127352476238,0.14179640644731833,-1.1666666666666667,-0.5333333333333332,-1.0392156862745099,69,174,,-0.3970370760653153,0.12510380845548175,-0.8119658119658117,0.01666666666666672,-0.38888888888888906,-0.9507832237898683,0.27899304651097584,-1.6848484848484848,-0.5,-0.8999999999999999,138,301,,0.03364664959008844,0.06199717477886441,-0.1666666666666663,0.2857142857142857,0.032051282051281826,-0.42876465252963153,0.1686400325580413,-1.0476190476190474,0.19047619047619035,-0.42666666666666686,80,305,,0.29017739477298304,0.062105434997336166,0.11764705882352955,0.4285714285714286,0.29428104575163394,0.11732422860364036,0.3243588941229811,-0.6700000000000002,0.7628205128205128,0.14285714285714285,22,120,1.45,-0.3078958503958504,0.10491627510551108,-0.5555555555555551,0.01666666666666672,-0.3030303030303032,-0.9175935025935028,0.20893869138194704,-1.6848484848484848,-0.4583333333333335,-0.888888888888889,80,185,,-0.3002924143040423,0.1509429479138602,-0.5777777777777777,0.25,-0.32051282051282026,-0.9055942894314988,0.26221765333368946,-1.7070707070707072,0.0,-0.9166666666666667,95,215,,-0.29284942381881157,0.17943765751990584,-0.5757575757575757,0.25,-0.32456140350877183,-0.9008905922815699,0.29183866052387786,-1.7280701754385965,0.0,-0.9333333333333333,110,245,,-0.2817591739455602,0.2133470309728485,-0.607142857142857,0.25,-0.33333333333333326,-0.9000725628612302,0.3503004573674971,-1.7591973244147157,0.0,-1.0,140,305,
00374.cnf,11,58,,-0.31775228525228527,0.113988078911096,-0.5833333333333335,0.0,-0.3166666666666669,-0.9154280854280854,0.23387580405883449,-1.6349206349206349,-0.3333333333333335,-0.888888888888889,80,185,,-0.2669000368850908,0.10260972642358421,-0.5333333333333332,0.0,-0.2666666666666667,-1.0076276612009327,0.10024464298930558,-1.1547619047619049,-0.6666666666666667,-1.027777777777778,69,174,,-0.40913354825314957,0.12325970802863084,-0.7305194805194808,0.0,-0.38888888888888906,-0.9528618575960769,0.2681429411822493,-1.6349206349206349,-0.3333333333333335,-0.8571428571428572,138,301,,0.034000197888039395,0.05575159682619012,-0.1777777777777776,0.16666666666666685,0.033333333333333326,-0.44649742316962776,0.1695083557533524,-1.1794871794871793,0.05632183908045965,-0.42666666666666686,80,311,,0.2949464171190362,0.052793412862229744,0.18181818181818177,0.4285714285714286,0.29999999999999993,0.04722714470588619,0.3135100386848358,-0.7363636363636363,0.8708333333333333,0.05909090909090907,22,126,1.380952380952381,-0.31775228525228527,0.113988078911096,-0.5833333333333335,0.0,-0.3166666666666669,-0.9154280854280854,0.23387580405883449,-1.6349206349206349,-0.3333333333333335,-0.888888888888889,80,185,,-0.3078829826504245,0.15983040740305265,-0.5833333333333335,0.25,-0.33333333333333326,-0.9015042451088964,0.2741131516940534,-1.6444444444444444,0.0,-0.888888888888889,95,215,,-0.29970683511499835,0.18482293931450744,-0.5833333333333333,0.25,-0.33333333333333326,-0.8952461937155816,0.30626224056129336,-1.6666666666666667,0.0,-0.9333333333333333,110,245,,-0.2913813340096774,0.21969161793943973,-0.5921052631578947,0.25,-0.35227272727272707,-0.8965683565467862,0.34719236937016384,-1.7,0.0,-1.0,140,305,
00381.cnf,13,65,,-0.35263495185370186,0.09923175255179098,-0.5777777777777775,-0.08333333333333326,-0.35416666666666663,-0.9431061993561994,0.20725792880641303,-1.6071428571428572,-0.33333333333333337,-0.888888888888889,91,208,,-0.3072241919300742,0.10484603649575379,-0.5952380952380949,-0.04166666666666652,-0.3095238095238093,-0.979491036727085,0.10580299935863131,-1.1904761904761905,-0.6060606060606062,-1.0098039215686276,78,195,,-0.42376537827721256,0.11495105516749435,-0.7979797979797976,-0.16666666666666674,-0.41666666666666674,-0.9677100677100676,0.26868227341730255,-1.7070707070707072,-0.5,-0.888888888888889,156,338,,0.014183711393300172,0.05555202274797831,-0.15476190476190443,0.20000000000000007,0.011541005291005213,-0.4827103260358084,0.1927576092552417,-1.1726190476190477,-0.04761904761904773,-0.41666666666666663,91,360,,0.2581640363041853,0.04981399785635285,0.1333333333333333,0.3749999999999999,0.2625291375291377,-0.11513129354390605,0.3086464428549099,-0.9393939393939392,0.6858974358974359,-0.12019230769230767,26,152,1.2828947368421053,-0.35263495185370186,0.09923175255179098,-0.5777777777777775,-0.08333333333333326,-0.35416666666666663,-0.9431061993561994,0.20725792880641303,-1.6071428571428572,-0.33333333333333337,-0.888888888888889,91,208,,-0.3383876277783841,0.1508458762396593,-0.5959595959595956,0.25,-0.35416666666666674,-0.9179159542604921,0.26196494238746193,-1.6388888888888888,0.0,-0.888888888888889,106,238,,-0.3243110071934699,0.17881319221383943,-0.5959595959595956,0.25,-0.353219696969697,-0.9019504748982362,0.2919582790928293,-1.6888888888888889,0.0,-0.9107142857142858,121,268,,-0.31357369764381954,0.21525338737895702,-0.6071428571428572,0.25,-0.3809523809523807,-0.8928826255045766,0.3319114573225475,-1.7070707070707072,0.0,-0.9545454545454545,151,328,
00388.cnf,40,175,,-0.47560511225139024,0.09417627286595441,-0.7166666666666666,0.08333333333333348,-0.4999999999999998,-1.031827669120746,0.18278712284115545,-1.6444444444444444,0.16666666666666652,-1.0476190476190477,255,565,,-0.5058481488043628,0.07572879777334648,-0.6212121212121209,-0.15151515151515138,-0.5238095238095235,-1.0397088436159645,0.11976521357327027,-1.2424242424242424,-0.5833333333333335,-1.0606060606060606,215,525,,-0.4876374608462361,0.13930436844581864,-0.8230769230769233,0.08333333333333348,-0.46666666666666656,-1.0207720683901977,0.3027667311911954,-1.6666666666666665,0.16666666666666652,-1.0,430,915,,-0.13408032104254994,0.08317496628783397,-0.4437500000000001,0.41666666666666663,-0.1416704002389486,-0.7066723546482417,0.3833950821034183,-1.5642857142857143,0.8333333333333331,-0.5333333333333335,255,1048,,0.03446745950286612,0.06483923531490196,-0.1607142857142858,0.25,0.0375000000000002,-0.7326690284050272,0.3093569691468205,-1.3639999999999999,0.5,-0.777777777777778,80,483,1.0869565217391304,-0.47560511225139024,0.09417627286595441,-0.7166666666666666,0.08333333333333348,-0.4999999999999998,-1.031827669120746,0.18278712284115545,-1.6444444444444444,0.16666666666666652,-1.0476190476190477,255,565,,-0.4654698149656133,0.13082161709706575,-0.7250000000000001,0.25,-0.4999999999999998,-1.01677840366916,0.218142642283199,-1.6444444444444444,0.16666666666666652,-1.0476190476190477,270,595,,-0.45541620865409094,0.15679368951001224,-0.7388888888888887,0.25,-0.4999999999999998,-1.0030978518997342,0.24543340722960705,-1.646153846153846,0.16666666666666652,-1.0476190476190477,285,625,,-0.43834016065037956,0.19152481228060997,-0.7500000000000002,0.25,-0.4999999999999998,-0.981229878799222,0.2834305245668555,-1.6868686868686869,0.16666666666666652,-1.0476190476190477,315,685,
00393.cnf,27,121,,-0.44182942057942054,0.10859187617547975,-0.7013888888888891,-0.11111111111111116,-0.46666666666666656,-1.0053414178414182,0.20326292070866325,-1.595959595959596,-0.3333333333333335,-1.0476190476190477,175,390,,-0.45060885026854886,0.10170861316157036,-0.6111111111111112,-0.13333333333333353,-0.46666666666666656,-0.9867746403113442,0.13349907591835233,-1.2222222222222223,-0.5833333333333335,-1.0,148,363,,-0.47211876606887776,0.1327017429777256,-0.8006535947712417,-0.16666666666666652,-0.4444444444444444,-1.0073351306900264,0.2916772920733133,-1.6601307189542482,-0.3333333333333335,-1.0,296,632,,-0.09046484073108119,0.07458222793386433,-0.31818181818181746,0.41666666666666663,-0.09523809523809534,-0.6630912550099928,0.3462066999493257,-1.6177083333333335,0.8333333333333331,-0.4924242424242425,175,714,,0.10731093928809311,0.06007068748834031,-0.15000000000000013,0.2678571428571428,0.11111111111111105,-0.6314256790509212,0.2850052143636293,-1.2097069597069599,0.4642857142857143,-0.6592948717948719,54,324,1.1203703703703705,-0.44182942057942054,0.10859187617547975,-0.7013888888888891,-0.11111111111111116,-0.46666666666666656,-1.0053414178414182,0.20326292070866325,-1.595959595959596,-0.3333333333333335,-1.0476190476190477,175,390,,-0.42712447605304754,0.14752656717104196,-0.7125000000000004,0.25,-0.46666666666666645,-0.9917255033326463,0.2384604722190611,-1.6111111111111112,0.0,-1.0476190476190477,190,420,,-0.4169181096681097,0.17398718285033526,-0.7125000000000004,0.25,-0.45833333333333337,-0.974687269520603,0.26651461229326356,-1.6181818181818182,0.0,-1.0454545454545454,205,450,,-0.399992470844547,0.2089182556219538,-0.6868686868686864,0.25,-0.4583333333333335,-0.9534185070344241,0.305331601744509,-1.6823529411764706,0.0,-1.0,235,510,
00394.cnf,15,73,,-0.35760073260073255,0.13086370105074738,-0.666666666666667,0.16666666666666663,-0.37083333333333335,-0.9041412291412292,0.25646967360424394,-1.6111111111111112,-1.1102230246251565e-16,-0.9107142857142858,103,234,,-0.3520235361662055,0.11117330220565876,-0.6078431372549018,0.0,-0.3589743589743588,-0.9639954644899371,0.12984797054419595,-1.215686274509804,-0.5333333333333332,-0.9761904761904762,88,219,,-0.426352806979742,0.13699270836771427,-0.8006535947712419,0.16666666666666663,-0.40000000000000036,-0.9457101700329256,0.28973370295168144,-1.6601307189542482,-1.1102230246251565e-16,-0.8461538461538463,176,380,,-0.018579064345395614,0.07618268069703317,-0.3030303030303034,0.33333333333333326,-0.015151515151515138,-0.5358022445552416,0.2668260784071442,-1.498181818181818,0.33333333333333326,-0.44444444444444453,103,397,,0.21200529466723986,0.0694063084955892,-0.04901960784313708,0.3750000000000001,0.21367521367521392,-0.23625644562242365,0.3333215063110143,-1.0993589743589745,0.6013986013986015,-0.21818181818181814,30,163,1.343558282208589,-0.35760073260073255,0.13086370105074738,-0.666666666666667,0.16666666666666663,-0.37083333333333335,-0.9041412291412292,0.25646967360424394,-1.6111111111111112,-1.1102230246251565e-16,-0.9107142857142858,103,234,,-0.34664043590347066,0.17123270456570455,-0.6904761904761902,0.25,-0.375,-0.8864121543934379,0.2907255174880637,-1.6333333333333333,0.0,-0.9107142857142858,118,264,,-0.3350423549928352,0.19477193934975484,-0.7142857142857142,0.25,-0.37254901960784315,-0.8882068636645468,0.306511807571762,-1.6527777777777777,0.0,-0.9333333333333333,133,294,,-0.32360392759819473,0.22465283378779435,-0.746031746031746,0.25,-0.38095238095238093,-0.8749066064930969,0.3373584288069809,-1.6794871794871795,0.0,-0.9545454545454545,163,354,
00406.cnf,19,89,,-0.399628678431126,0.11650102141467708,-0.7000000000000002,0.0,-0.41666666666666674,-0.9706833085329589,0.22160398106684792,-1.6181818181818182,-0.1333333333333333,-0.9696969696969697,127,286,,-0.4060757014952236,0.08997409719597385,-0.6140350877192984,-0.11111111111111116,-0.4035087719298249,-0.9437546567475343,0.12891914137385876,-1.2280701754385965,-0.5555555555555556,-0.9666666666666668,108,267,,-0.4476480855886282,0.12247698510822849,-0.8006535947712414,0.0,-0.4411764705882353,-0.9845878439089646,0.2826735663376498,-1.6601307189542482,-0.16666666666666674,-0.9428571428571428,216,464,,-0.038695768031347014,0.07786756858291288,-0.41758241758241743,0.45833333333333337,-0.03787878787878762,-0.5783525684559858,0.29141435241808883,-1.5909090909090908,0.8333333333333331,-0.4666666666666667,127,507,,0.1789646558490331,0.06802043799278477,-0.04166666666666674,0.33333333333333337,0.1875,-0.3704355176245542,0.3079078791466704,-1.0993589743589745,0.5555555555555556,-0.37696969696969684,38,221,1.2081447963800904,-0.399628678431126,0.11650102141467708,-0.7000000000000002,0.0,-0.41666666666666674,-0.9706833085329589,0.22160398106684792,-1.6181818181818182,-0.1333333333333333,-0.9696969696969697,127,286,,-0.38636428805482764,0.15636245279276076,-0.7000000000000002,0.25,-0.41666666666666674,-0.9491915636735757,0.26258469740772117,-1.6363636363636362,0.0,-0.9696969696969697,142,316,,-0.3762760071254765,0.1836703439726947,-0.709090909090909,0.25,-0.41666666666666674,-0.9333547569814773,0.2899108612761392,-1.6515151515151514,0.0,-0.9696969696969697,157,346,,-0.35917108747919607,0.21831232730896336,-0.723076923076923,0.25,-0.41666666666666674,-0.9163795591022064,0.3277719722435886,-1.675,0.0,-1.0,187,406,
00407.cnf,31,137,,-0.4614863109489806,0.09808643657587905,-0.7083333333333337,-0.023809523809523725,-0.4776785714285712,-1.034912165511713,0.17538011909024886,-1.646153846153846,-0.3333333333333335,-1.0476190476190477,199,442,,-0.4751142174737122,0.09086639591571952,-0.6190476190476188,-0.16666666666666674,-0.48484848484848464,-1.0085439986202116,0.1406887637263829,-1.2380952380952381,-0.4761904761904763,-1.0256410256410255,168,411,,-0.4818071128126994,0.13036107544806205,-0.8397435897435894,-0.19999999999999996,-0.44444444444444453,-1.0232285056656565,0.2854271498101614,-1.6794871794871795,-0.5,-1.0,336,716,,-0.09894937943641956,0.07592884200867192,-0.37142857142857166,0.19047619047619047,-0.0995370370370372,-0.6684253635349748,0.34630895388048194,-1.575,0.19047619047619035,-0.49523809523809514,199,821,,0.08605619179278273,0.06447983746951229,-0.13181818181818183,0.2516447368421053,0.09374999999999978,-0.6165822225711682,0.29466583217756104,-1.2735690235690238,0.5,-0.6145833333333335,62,379,1.0844327176781003,-0.4614863109489806,0.09808643657587905,-0.7083333333333337,-0.023809523809523725,-0.4776785714285712,-1.034912165511713,0.17538011909024886,-1.646153846153846,-0.3333333333333335,-1.0476190476190477,199,442,,-0.44850231865592033,0.13928776357028866,-0.7222222222222219,0.25,-0.4791666666666665,-1.0158979967772341,0.21958754750582674,-1.646153846153846,0.0,-1.0476190476190477,214,472,,-0.43993582745926313,0.1673700655607594,-0.7222222222222219,0.25,-0.47916666666666674,-1.001902263751924,0.2500433739434705,-1.6643356643356644,0.0,-1.0476190476190477,229,502,,-0.4234845900338033,0.20473478562723754,-0.7571428571428569,0.25,-0.47916666666666674,-0.9756566322379209,0.2955543902059373,-1.6888888888888889,0.0,-1.0476190476190477,259,562,
00419.cnf,35,154,,-0.46339832758343824,0.09567547079627078,-0.7207792207792207,-0.16666666666666652,-0.4791666666666663,-1.0287620941544482,0.17812080885326573,-1.6848484848484848,-0.3333333333333335,-1.0476190476190477,224,497,,-0.478678201166742,0.08937024638943009,-0.6250000000000002,-0.11111111111111094,-0.4999999999999998,-1.0094191060792475,0.13708920369397118,-1.25,-0.3333333333333335,-1.0256410256410255,189,462,,-0.480176952102418,0.13527158919548365,-0.8666666666666658,-0.16666666666666652,-0.4523809523809521,-1.0184821045069492,0.29378254006693827,-1.7333333333333334,-0.5,-1.0,378,805,,-0.1173346396909422,0.07890348310838513,-0.40000000000000013,0.23809523809523792,-0.11904761904761907,-0.6828218580237062,0.36457149189339505,-1.6169871794871795,0.19047619047619035,-0.4999999999999999,224,918,,0.057163608955778746,0.07012985129322433,-0.2228260869565215,0.2589285714285716,0.05769230769230793,-0.6883566863644266,0.2998611107772916,-1.3569500674763832,0.20000000000000018,-0.7339285714285715,70,421,1.0973871733966747,-0.46339832758343824,0.09567547079627078,-0.7207792207792207,-0.16666666666666652,-0.4791666666666663,-1.0287620941544482,0.17812080885326573,-1.6848484848484848,-0.3333333333333335,-1.0476190476190477,224,497,,-0.45284715263929787,0.13384302867486833,-0.7222222222222221,0.25,-0.4791666666666665,-1.0131334462778587,0.2159951486423597,-1.7129186602870814,0.0,-1.0476190476190477,239,527,,-0.4444688340783493,0.16028219323217777,-0.7250000000000003,0.25,-0.4791666666666665,-0.9994202585764524,0.24617908777722627,-1.7333333333333334,0.0,-1.0256410256410255,254,557,,-0.4248303785175746,0.19659506458406517,-0.7386363636363631,0.25,-0.4791666666666665,-0.9728565965388599,0.29091150744303157,-1.7333333333333334,0.0,-1.0256410256410255,284,617,
00427.cnf,23,105,,-0.42284929895876644,0.11495741672591263,-0.6971153846153848,0.16666666666666663,-0.43939393939393945,-0.9861013329208596,0.21369558826812643,-1.623931623931624,0.16666666666666652,-1.0,151,338,,-0.4263189136121467,0.11343368839301397,-0.6140350877192984,0.033333333333333326,-0.4523809523809519,-0.9770312853395561,0.12258356623437121,-1.2280701754385965,-0.6333333333333333,-0.9761904761904762,128,315,,-0.4603297470622502,0.12802897360746188,-0.8090909090909097,-0.10000000000000009,-0.44028520499108725,-0.995104191226454,0.28345684925414927,-1.6848484848484848,-0.5,-0.9696969696969697,256,548,,-0.07197932253605085,0.07349189013777042,-0.32057416267942607,0.2500000000000001,-0.07333333333333347,-0.6248804756245091,0.32047225493812864,-1.5223765432098768,0.08333333333333315,-0.47916666666666685,151,609,,0.13243878465552011,0.061579671399414,-0.021212121212121238,0.3076923076923077,0.13541666666666663,-0.5356548730524474,0.3125928954530925,-1.332255979314803,0.4166666666666665,-0.5587121212121211,46,271,1.1623616236162362,-0.42284929895876644,0.11495741672591263,-0.6971153846153848,0.16666666666666663,-0.43939393939393945,-0.9861013329208596,0.21369558826812643,-1.623931623931624,0.16666666666666652,-1.0,151,338,,-0.4106963664088824,0.15378713866683197,-0.7261904761904763,0.25,-0.4444444444444444,-0.9656339668607891,0.2511970402336287,-1.6601307189542482,0.16666666666666652,-1.0,166,368,,-0.4004091072244339,0.18072343594880572,-0.739583333333333,0.25,-0.4461805555555556,-0.948613875655333,0.28048628140437276,-1.6666666666666667,0.16666666666666652,-1.0,181,398,,-0.38230417546523043,0.21648842971703267,-0.739583333333333,0.25,-0.44444444444444464,-0.9255711156294355,0.3164875584256614,-1.6666666666666667,0.16666666666666652,-1.0,211,458,
00433.cnf,12,62,,-0.34446381340320725,0.10563114389006303,-0.6666666666666665,0.0,-0.3589743589743587,-0.908931598704326,0.23107688296058856,-1.646153846153846,-0.16666666666666674,-0.9166666666666667,86,198,,-0.31575307651908074,0.09096868312129314,-0.5897435897435899,-0.030303030303030276,-0.3137254901960783,-0.9949458543615306,0.10703857836750269,-1.1794871794871795,-0.6333333333333333,-1.0305555555555557,74,186,,-0.41327950000310243,0.12243909217020052,-0.8257575757575752,0.0,-0.4166666666666665,-0.9459569502271366,0.2836527022815797,-1.6515151515151516,-0.16666666666666674,-0.9166666666666667,148,322,,0.020680184707644673,0.06331050608311481,-0.30769230769230793,0.2857142857142857,0.0277777777777779,-0.4642516305350974,0.1980405965228364,-1.476923076923077,0.19047619047619035,-0.42666666666666686,86,333,,0.27039660956327627,0.06544057137252096,0.0625,0.3897435897435899,0.275,-0.0024323043211932406,0.33010121441599133,-1.0083333333333333,0.7190476190476189,0.015384615384615496,24,135,1.3777777777777778,-0.34446381340320725,0.10563114389006303,-0.6666666666666665,0.0,-0.3589743589743587,-0.908931598704326,0.23107688296058856,-1.646153846153846,-0.16666666666666674,-0.9166666666666667,86,198,,-0.32928670987881514,0.1544841830166398,-0.6904761904761905,0.25,-0.3589743589743589,-0.885197039802303,0.27677931536498307,-1.6666666666666665,0.0,-0.9333333333333333,101,228,,-0.31975538995887826,0.18329052329759246,-0.7142857142857142,0.25,-0.3589743589743588,-0.8833400180783902,0.2998754734252331,-1.675,0.0,-0.9333333333333333,116,258,,-0.30477199250784154,0.2188342439080191,-0.732142857142857,0.25,-0.3666666666666667,-0.8922507087601428,0.34093876018220903,-1.712820512820513,0.0,-0.9696969696969697,146,318,
00438.cnf,38,166,,-0.4683013037957068,0.10248380091401915,-0.7214285714285715,-0.08333333333333326,-0.48647186147186117,-1.0315800130632222,0.1856947781222558,-1.657142857142857,-0.33333333333333337,-1.0476190476190477,242,536,,-0.4883959591082198,0.09095030092628081,-0.6212121212121211,-0.0666666666666671,-0.5,-1.0285666108956564,0.13023270807184578,-1.2424242424242424,-0.4583333333333335,-1.0476190476190477,204,498,,-0.48399329645009376,0.14278351293929895,-0.8119658119658122,-0.08333333333333326,-0.4583333333333336,-1.0210609890621412,0.30409653599718073,-1.657142857142857,-0.33333333333333337,-1.0,408,868,,-0.12281975856887077,0.08354649432421052,-0.39583333333333326,0.23809523809523803,-0.12500000000000022,-0.7004366270337927,0.37604488504812733,-1.5769230769230769,0.19047619047619035,-0.5087719298245615,242,995,,0.048361145173930434,0.06979483510677074,-0.19318181818181768,0.24810606060606055,0.055882352941176494,-0.7180451338286933,0.2720033947703285,-1.4130434782608698,0.2058823529411764,-0.7385620915032678,76,459,1.0849673202614378,-0.4683013037957068,0.10248380091401915,-0.7214285714285715,-0.08333333333333326,-0.48647186147186117,-1.0315800130632222,0.1856947781222558,-1.657142857142857,-0.33333333333333337,-1.0476190476190477,242,536,,-0.45799789771219,0.13869587105619044,-0.7447368421052631,0.25,-0.4880952380952379,-1.0166286390133332,0.22235560213081573,-1.694736842105263,0.0,-1.0476190476190477,257,566,,-0.44841401840143447,0.16376683272178766,-0.7571428571428571,0.25,-0.4880952380952379,-1.0019117441097307,0.251041923441549,-1.7047619047619047,0.0,-1.0476190476190477,272,596,,-0.4345601320258332,0.19797291688885327,-0.7571428571428571,0.25,-0.5,-0.980164352077462,0.2894752610955014,-1.7047619047619047,0.0,-1.0476190476190477,302,656,
00441.cnf,23,105,,-0.4108274409679734,0.11727144258237925,-0.6458333333333333,0.0,-0.41666666666666674,-0.9742010208726186,0.22696849543659017,-1.7142857142857144,-0.33333333333333337,-1.0,151,338,,-0.414261443505141,0.11286192974317813,-0.607843137254902,1.1102230246251565e-16,-0.4358974358974357,-0.9789586914796998,0.14181377685187124,-1.215686274509804,-0.5555555555555556,-1.0,128,315,,-0.4537342346420814,0.13033276944746253,-0.8062500000000004,0.0,-0.43333333333333335,-0.9885515462842107,0.2848171630999677,-1.7142857142857144,-0.33333333333333337,-0.9375,256,548,,-0.06254567687827176,0.07797642485234535,-0.2611111111111104,0.16666666666666685,-0.07246376811594168,-0.6161498326982492,0.313433523185082,-1.5361111111111112,-1.1102230246251565e-16,-0.49523809523809514,151,606,,0.13362663254787874,0.055315533847483,-0.07647058823529407,0.2777777777777778,0.13688633348076074,-0.5154205932333551,0.29112581534425475,-1.2794117647058825,0.6666666666666665,-0.522680995475113,46,268,1.1753731343283582,-0.4108274409679734,0.11727144258237925,-0.6458333333333333,0.0,-0.41666666666666674,-0.9742010208726186,0.22696849543659017,-1.7142857142857144,-0.33333333333333337,-1.0,151,338,,-0.39878928180737383,0.15495678776947794,-0.6493506493506496,0.25,-0.41666666666666674,-0.9568514874078377,0.2613420433871259,-1.7518796992481203,0.0,-1.0,166,368,,-0.386161277509563,0.179415767557584,-0.669642857142857,0.25,-0.41666666666666674,-0.9458800795798283,0.28899914399094084,-1.7871148459383754,0.0,-1.0,181,398,,-0.36943649732376466,0.21326842031282925,-0.6904761904761907,0.25,-0.41666666666666674,-0.9289045650715383,0.32505237870718545,-1.8047619047619048,0.0,-1.0,211,458,
00447.cnf,22,101,,-0.4106080244541783,0.11640685455693064,-0.6857142857142859,0.023809523809523725,-0.41666666666666674,-0.9827025111640495,0.20766673792242427,-1.6666666666666665,-1.1102230246251565e-16,-0.9696969696969697,145,325,,-0.3977538223294752,0.12280821691039802,-0.6231884057971013,0.08333333333333348,-0.4035087719298249,-0.9766936043979239,0.15136156385081684,-1.2463768115942029,-0.3333333333333335,-1.0,123,303,,-0.4562224156082288,0.12364973535684753,-0.8284313725490193,1.1102230246251565e-16,-0.439393939393939,-0.9929009768431021,0.27459258930103164,-1.715686274509804,-1.1102230246251565e-16,-0.9333333333333333,246,527,,-0.059742448513044465,0.08434149460855686,-0.3500000000000001,0.33333333333333326,-0.0683099107012155,-0.6138853405170231,0.3132023839894166,-1.4323308270676693,0.33333333333333326,-0.4999999999999999,145,580,,0.14432279866103404,0.06241544556532812,-0.033333333333333215,0.32638888888888884,0.14583333333333326,-0.5055063551061452,0.29505275157571426,-1.1363636363636362,0.4772727272727273,-0.5178571428571429,44,255,1.188235294117647,-0.4106080244541783,0.11640685455693064,-0.6857142857142859,0.023809523809523725,-0.41666666666666674,-0.9827025111640495,0.20766673792242427,-1.6666666666666665,-1.1102230246251565e-16,-0.9696969696969697,145,325,,-0.3982633094604926,0.1572333304205644,-0.6857142857142859,0.25,-0.4285714285714284,-0.9635139039364393,0.24917298510863473,-1.7,0.0,-0.9487179487179487,160,355,,-0.3891752551390283,0.18322501129886998,-0.7125000000000001,0.25,-0.4375,-0.9463638040398122,0.27837365051194085,-1.7,0.0,-0.9545454545454545,175,385,,-0.37409058074727536,0.21737166472855884,-0.7333333333333332,0.25,-0.4358974358974359,-0.921505598929852,0.31772653426000125,-1.7,0.0,-0.9696969696969697,205,445,
00450.cnf,38,166,,-0.46416979061568614,0.10002396215498591,-0.6904761904761905,-0.07142857142857162,-0.47916666666666674,-1.0321294480809406,0.17999494879691544,-1.5833333333333335,-0.3333333333333335,-1.0833333333333335,242,536,,-0.4787773396118541,0.09712878366583753,-0.6111111111111116,-0.11111111111111116,-0.4901960784313726,-1.0126875679475786,0.141981030314978,-1.2222222222222223,-0.33333333333333337,-1.0256410256410255,204,498,,-0.4828244719949789,0.13864151218533066,-0.8174603174603174,-0.16666666666666652,-0.47271825396825407,-1.0208734302052274,0.30335498402669026,-1.6349206349206349,-0.4583333333333335,-1.0476190476190477,408,868,,-0.12695704299693195,0.07972438936492675,-0.3631578947368421,0.26190476190476186,-0.13333333333333308,-0.6991490858877143,0.37514362096431714,-1.56,0.19047619047619035,-0.5203252032520326,242,997,,0.04336704470443677,0.06254605493924469,-0.1428571428571428,0.22727272727272751,0.04749999999999999,-0.7212466839998193,0.2767897206297238,-1.31986531986532,0.2916666666666665,-0.7361111111111109,76,461,1.0802603036876355,-0.46416979061568614,0.10002396215498591,-0.6904761904761905,-0.07142857142857162,-0.47916666666666674,-1.0321294480809406,0.17999494879691544,-1.5833333333333335,-0.3333333333333335,-1.0833333333333335,242,536,,-0.45309955307746824,0.1354234808813744,-0.7083333333333333,0.25,-0.47916666666666674,-1.0159491176275628,0.21841550454223163,-1.6,0.0,-1.0476190476190477,257,566,,-0.44434626242512154,0.16058370408775816,-0.7083333333333333,0.25,-0.47916666666666674,-1.0012011292212635,0.2477538436823992,-1.6,0.0,-1.0476190476190477,272,596,,-0.4284755792435737,0.19527404309300112,-0.7246376811594204,0.25,-0.47916666666666674,-0.9792369249255517,0.28821699478456925,-1.6,0.0,-1.0833333333333335,302,656,
00460.cnf,27,121,,-0.44060757618449925,0.10643486100774498,-0.6904761904761902,-0.16666666666666652,-0.46666666666666656,-1.0044903316057163,0.20100737245730696,-1.646153846153846,-0.3333333333333335,-1.0476190476190477,175,390,,-0.4508012069125596,0.09707065077739527,-0.6041666666666667,-0.09523809523809512,-0.47619047619047605,-0.9814113982774271,0.13247015946129087,-1.2083333333333335,-0.3333333333333335,-1.0,148,363,,-0.47032668895801805,0.13428426737057697,-0.833333333333333,-0.16666666666666652,-0.444444444444444,-1.0056478024436886,0.2976184050923389,-1.6666666666666667,-0.5,-1.0,296,632,,-0.08648920996583435,0.07664357040466113,-0.39142857142857146,0.41666666666666674,-0.09259259259259234,-0.6587235339776397,0.34253256657595504,-1.4876190476190476,0.8333333333333331,-0.47916666666666685,175,711,,0.11146178049135867,0.06400772636467286,-0.125,0.29261363636363646,0.11688311688311703,-0.6162385978039099,0.2732644026457472,-1.2454212454212454,0.40909090909090917,-0.6294642857142858,54,321,1.1308411214953271,-0.44060757618449925,0.10643486100774498,-0.6904761904761902,-0.16666666666666652,-0.46666666666666656,-1.0044903316057163,0.20100737245730696,-1.646153846153846,-0.3333333333333335,-1.0476190476190477,175,390,,-0.426724987974988,0.14572741603489575,-0.6904761904761902,0.25,-0.46666666666666656,-0.9900036933965507,0.24057353079355456,-1.6888888888888889,0.0,-1.0476190476190477,190,420,,-0.41866390432179906,0.17215854624479046,-0.6904761904761902,0.25,-0.46666666666666656,-0.9769325810641601,0.2679392985531164,-1.7070707070707072,0.0,-1.0476190476190477,205,450,,-0.4009531050591422,0.2079498320258827,-0.7333333333333332,0.25,-0.4583333333333335,-0.9504922900743333,0.30722536802900774,-1.7070707070707072,0.0,-1.0454545454545454,235,510,
00474.cnf,30,133,,-0.4619959876952883,0.1006566948012658,-0.75,0.0,-0.4791666666666665,-1.0258357609756212,0.19674599120681205,-1.6181818181818182,-0.1333333333333333,-1.0833333333333335,193,429,,-0.4807253798600198,0.08278487577743462,-0.6140350877192984,-0.09523809523809512,-0.4901960784313726,-1.000145995787334,0.1258401235020933,-1.2280701754385965,-0.3333333333333335,-1.0098039215686276,163,399,,-0.4809884060783341,0.1350496721625577,-0.8333333333333333,-0.16666666666666652,-0.45714285714285685,-1.0185134889091725,0.29735752068236054,-1.6666666666666667,-0.4583333333333335,-1.0,326,695,,-0.09376183165785056,0.07900052601500807,-0.35858585858585834,0.45833333333333337,-0.09583333333333321,-0.665682114487864,0.34897598881779657,-1.619047619047619,0.8333333333333331,-0.48055555555555585,193,795,,0.09476157742083371,0.07006626330985068,-0.11111111111111094,0.2857142857142859,0.09764957264957275,-0.6117424686562647,0.3132179992100065,-1.2944444444444445,0.5267857142857142,-0.6479275932400934,60,366,1.0901639344262295,-0.4619959876952883,0.1006566948012658,-0.75,0.0,-0.4791666666666665,-1.0258357609756212,0.19674599120681205,-1.6181818181818182,-0.1333333333333333,-1.0833333333333335,193,429,,-0.44939898518329885,0.1411971279801349,-0.75,0.25,-0.4791666666666665,-1.005911983199565,0.2353305760829679,-1.6363636363636362,0.0,-1.0833333333333335,208,459,,-0.43754830693347635,0.16906331693011273,-0.75,0.25,-0.4791666666666665,-0.9888103269738373,0.26706719637399007,-1.6363636363636362,0.0,-1.0476190476190477,223,489,,-0.4208831550680471,0.20713708772700304,-0.75,0.25,-0.47916666666666674,-0.9649385568942346,0.3048169254810715,-1.6515151515151514,0.0,-1.0476190476190477,253,549,
00476.cnf,23,105,,-0.4295056439287208,0.10989014652695932,-0.7142857142857142,0.0,-0.44444444444444453,-1.0036401960958172,0.2053278862763237,-1.6333333333333333,-0.33333333333333337,-1.0,151,338,,-0.435752689576219,0.09644294287138133,-0.6111111111111112,-0.06666666666666687,-0.45238095238095233,-0.9739933501243025,0.12431827849552522,-1.2222222222222223,-0.5333333333333332,-0.9833333333333334,128,315,,-0.46319077753360316,0.1308084519016253,-0.797979797979798,0.0,-0.4375,-1.005796697220055,0.2840329542224683,-1.657142857142857,-0.33333333333333337,-1.0,256,548,,-0.055587132607767105,0.07320225017904794,-0.32467532467532423,0.2222222222222222,-0.05833333333333357,-0.614360975807951,0.3064356370557356,-1.5051948051948052,0.19047619047619035,-0.47916666666666685,151,615,,0.14735842514130404,0.0645197031825302,-0.02136752136752129,0.33333333333333326,0.15000000000000013,-0.4894793883457495,0.3074509114012601,-1.195,0.6666666666666665,-0.5208333333333336,46,277,1.1371841155234657,-0.4295056439287208,0.10989014652695932,-0.7142857142857142,0.0,-0.44444444444444453,-1.0036401960958172,0.2053278862763237,-1.6333333333333333,-0.33333333333333337,-1.0,151,338,,-0.41539352103210797,0.15156997805510392,-0.7142857142857142,0.25,-0.4472222222222223,-0.9821100698818092,0.24681483512528637,-1.6333333333333333,0.0,-1.0,166,368,,-0.40624165301355597,0.18121560760872646,-0.732142857142857,0.25,-0.4523809523809521,-0.9667904271219764,0.2796428190335796,-1.6349206349206349,0.0,-1.0,181,398,,-0.3906247112774785,0.21680708103403554,-0.7460317460317456,0.25,-0.45238095238095233,-0.9437930208179066,0.3176428638323879,-1.6823529411764706,0.0,-1.0256410256410255,211,458,
00479.cnf,17,81,,-0.3908748356344511,0.11398406465802764,-0.6826923076923077,-0.04166666666666652,-0.38888888888888906,-0.9734465534465535,0.20881977443994085,-1.657142857142857,-0.33333333333333337,-1.0,115,260,,-0.37957127417338404,0.10931920726853732,-0.607843137254902,-0.09523809523809512,-0.37254901960784315,-0.978819065811192,0.12838313170354976,-1.215686274509804,-0.6060606060606062,-1.0098039215686276,98,243,,-0.443664928410189,0.12188617684016505,-0.8038461538461543,-0.16666666666666674,-0.42857142857142905,-0.9891707160664508,0.2692924587441143,-1.657142857142857,-0.5,-0.9230769230769231,196,422,,-0.025013757457136965,0.07199003199075472,-0.22686025408348476,0.26190476190476186,-0.023809523809523725,-0.5664670974087926,0.263826237120668,-1.4172932330827066,0.19047619047619035,-0.45977011494252873,115,459,,0.20047183721622094,0.053874621076216704,0.06944444444444431,0.33916083916083917,0.21212121212121215,-0.3486817503393028,0.28868395089466997,-1.0291666666666668,0.5113636363636364,-0.35185185185185197,34,199,1.221105527638191,-0.3908748356344511,0.11398406465802764,-0.6826923076923077,-0.04166666666666652,-0.38888888888888906,-0.9734465534465535,0.20881977443994085,-1.657142857142857,-0.33333333333333337,-1.0,115,260,,-0.376668024898248,0.15588211670926483,-0.6696428571428574,0.25,-0.3939393939393937,-0.9498877131432911,0.2568372461768765,-1.6823529411764706,0.0,-0.9901960784313726,130,290,,-0.36828206898289617,0.18408383601391373,-0.6904761904761907,0.25,-0.4166666666666665,-0.9316902414374841,0.2854340920425112,-1.6823529411764706,0.0,-0.9696969696969697,145,320,,-0.3498589534865403,0.22103618410603176,-0.7000000000000002,0.25,-0.41666666666666674,-0.9082247170252302,0.3295625478338181,-1.694736842105263,0.0,-0.9681818181818183,175,380,
00480.cnf,10,55,,-0.2808532853700921,0.12058869406537578,-0.5416666666666665,0.1333333333333333,-0.2916666666666665,-0.8808768113305928,0.2530879836806512,-1.657142857142857,0.06666666666666665,-0.888888888888889,75,175,,-0.22703577072561026,0.10758701547154105,-0.4901960784313726,0.07692307692307698,-0.22916666666666652,-1.0293601375352714,0.1346937620221902,-1.1717171717171717,-0.5333333333333332,-1.058823529411765,65,165,,-0.3926901850586061,0.12906360614192824,-0.7424242424242431,0.0,-0.375,-0.9336309533832754,0.2785557301870967,-1.657142857142857,-0.33333333333333337,-0.8571428571428572,130,285,,0.037040686582978724,0.06382106236787041,-0.15062111801242217,0.20941558441558394,0.04166666666666635,-0.42525969387859697,0.16566500021629313,-1.06055900621118,0.14935064935064934,-0.4057971014492753,75,282,,0.3022231273399498,0.06126933779910883,0.15384615384615385,0.4545454545454546,0.30681818181818177,0.15295800253744174,0.3318405621749367,-0.8131868131868132,0.9090909090909093,0.1785714285714286,20,107,1.5420560747663552,-0.2808532853700921,0.12058869406537578,-0.5416666666666665,0.1333333333333333,-0.2916666666666665,-0.8808768113305928,0.2530879836806512,-1.657142857142857,0.06666666666666665,-0.888888888888889,75,175,,-0.2734576938683825,0.1571658472528667,-0.5416666666666665,0.25,-0.30303030303030276,-0.8818532294662138,0.29081709252858723,-1.6931818181818181,0.06666666666666665,-0.9,90,205,,-0.2696574200031646,0.18353097835859067,-0.5735294117647056,0.25,-0.3055555555555556,-0.8865198459237884,0.3100765295294905,-1.7083333333333335,0.0,-0.9215686274509804,105,235,,-0.26074778882356153,0.20881031098559646,-0.5833333333333337,0.25,-0.31666666666666665,-0.8951006371494906,0.3611460477951274,-1.7333333333333334,0.0,-0.9696969696969697,135,295,
00483.cnf,32,142,,-0.46385211404316207,0.08768747678438216,-0.7083333333333337,-0.16666666666666674,-0.4666666666666668,-1.0353581462205916,0.1672029697048339,-1.6181818181818182,-0.3333333333333335,-1.0476190476190477,206,458,,-0.4764143989566961,0.08408200175881435,-0.6140350877192988,-0.15151515151515138,-0.47916666666666674,-1.0027195753022073,0.12686623048204082,-1.2280701754385965,-0.5833333333333335,-1.0208333333333335,174,426,,-0.4811425909590647,0.13575413594355956,-0.8285714285714287,-0.16666666666666674,-0.46666666666666656,-1.0226763727437582,0.30008030299828564,-1.657142857142857,-0.5,-1.0555555555555554,348,742,,-0.10534314548456096,0.07364408125272738,-0.3432432432432435,0.41666666666666663,-0.10606060606060586,-0.6777302148478893,0.35085051997219074,-1.676876876876877,0.8333333333333331,-0.5045045045045046,206,850,,0.07412811583428204,0.06953660557412711,-0.1875,0.2583333333333334,0.0752712361168244,-0.6478464690204604,0.30562445993828524,-1.3227272727272728,0.45000000000000007,-0.674346405228758,64,392,1.086734693877551,-0.46385211404316207,0.08768747678438216,-0.7083333333333337,-0.16666666666666674,-0.4666666666666668,-1.0353581462205916,0.1672029697048339,-1.6181818181818182,-0.3333333333333335,-1.0476190476190477,206,458,,-0.45190404412120333,0.13225929639942294,-0.7083333333333337,0.25,-0.466666666666667,-1.0212911561164366,0.20994777654638383,-1.6515151515151514,0.0,-1.0476190476190477,221,488,,-0.4423194588110554,0.16101966924999703,-0.7250000000000001,0.25,-0.4791666666666665,-1.0047713831327276,0.24257480132974005,-1.6515151515151514,0.0,-1.0476190476190477,236,518,,-0.42322188096409546,0.197615963095485,-0.7250000000000001,0.25,-0.47435897435897434,-0.9762107365913595,0.28855501693719904,-1.6666666666666667,0.0,-1.0256410256410255,266,578,
00485.cnf,37,162,,-0.46052943763268805,0.09559215177249078,-0.7083333333333333,-0.16666666666666652,-0.4666666666666668,-1.0182715945622254,0.18198911337865536,-1.6166666666666667,-0.5333333333333333,-1.0476190476190477,236,523,,-0.4849575486376503,0.07816037748343499,-0.6190476190476186,-0.20512820512820507,-0.5,-1.0058183638022056,0.12054478870166568,-1.2380952380952381,-0.5833333333333335,-1.0256410256410255,199,486,,-0.47852918431430824,0.13781774694972115,-0.8374999999999999,-0.16666666666666674,-0.46666666666666656,-1.0122881087166802,0.3025390317940024,-1.675,-0.5,-1.0,398,847,,-0.12687276897258562,0.0821904984266235,-0.3809523809523807,0.19047619047619047,-0.12585812356979398,-0.679539001192189,0.36557426033906015,-1.5929487179487178,0.19047619047619035,-0.5087719298245615,236,963,,0.03859104063841493,0.06936226372761452,-0.23611111111111116,0.2153846153846154,0.04166666666666674,-0.6897957008715984,0.29709473218194116,-1.3686274509803922,0.30000000000000004,-0.7222222222222223,74,440,1.1045454545454545,-0.46052943763268805,0.09559215177249078,-0.7083333333333333,-0.16666666666666652,-0.4666666666666668,-1.0182715945622254,0.18198911337865536,-1.6166666666666667,-0.5333333333333333,-1.0476190476190477,236,523,,-0.45023197618134325,0.1320395845510322,-0.7083333333333335,0.25,-0.4666666666666668,-1.003019800171699,0.21762719910668105,-1.65,0.0,-1.0,251,553,,-0.44026787725329747,0.15686375544462428,-0.7222222222222223,0.25,-0.4666666666666668,-0.9879827761449194,0.24436765366121896,-1.6777777777777778,0.0,-1.0476190476190477,266,583,,-0.4251262630605061,0.19275952327862628,-0.7424242424242418,0.25,-0.47916666666666674,-0.9651279042923522,0.2831293054427538,-1.7,0.0,-1.0,296,643,
00499.cnf,32,142,,-0.4619282555145,0.0919367952651242,-0.7249999999999999,-0.08333333333333326,-0.466666666666667,-1.03171377991247,0.1742313404243946,-1.6515151515151514,-0.33333333333333337,-1.0476190476190477,206,458,,-0.4775921696243939,0.08978394772643725,-0.6190476190476188,-0.11111111111111116,-0.4901960784313726,-1.0103846874308653,0.12748751004082617,-1.2380952380952381,-0.5555555555555556,-1.0256410256410255,174,426,,-0.4810982051042698,0.134605564487253,-0.8230769230769233,-0.08333333333333326,-0.46666666666666656,-1.0213248229757663,0.2948640195298816,-1.657142857142857,-0.33333333333333337,-1.021153846153846,348,742,,-0.10718244266338137,0.0759108085604734,-0.3095238095238091,0.2857142857142857,-0.10970695970695943,-0.6794463705513408,0.3545405709531007,-1.5263736263736263,0.19047619047619035,-0.49523809523809514,206,848,,0.07776089301378065,0.06946437126828929,-0.125,0.2647058823529411,0.08387445887445905,-0.6538678823343178,0.2887027992517657,-1.3452380952380953,0.4017857142857142,-0.6805555555555557,64,390,1.0923076923076922,-0.4619282555145,0.0919367952651242,-0.7249999999999999,-0.08333333333333326,-0.466666666666667,-1.03171377991247,0.1742313404243946,-1.6515151515151514,-0.33333333333333337,-1.0476190476190477,206,458,,-0.44847676515197005,0.1335973411030401,-0.7249999999999999,0.25,-0.4732905982905983,-1.0119683879417487,0.21927440679761978,-1.6888888888888889,0.0,-1.0476190476190477,221,488,,-0.4390205247348104,0.16030194524685926,-0.7249999999999999,0.25,-0.4791666666666665,-0.9977209137923422,0.2477973766311325,-1.7047619047619047,0.0,-1.0476190476190477,236,518,,-0.41924145861149725,0.19779528469341406,-0.7386363636363635,0.25,-0.4791666666666665,-0.9742317698810679,0.29054281194219905,-1.7285067873303168,0.0,-1.0476190476190477,266,578,
00514.cnf,37,162,,-0.4549331404732935,0.10807439179245631,-0.7749999999999999,0.0,-0.4666666666666668,-1.0089643015790246,0.1956997431709853,-1.6515151515151514,-0.33333333333333337,-1.0476190476190477,236,523,,-0.48161798388884347,0.09481779874189875,-0.6190476190476186,0.06666666666666665,-0.5,-1.0044734766536547,0.15581311710621185,-1.2380952380952381,0.06666666666666665,-1.0256410256410255,199,486,,-0.4768149681225242,0.13633078147235725,-0.8333333333333326,-0.16666666666666652,-0.4583333333333335,-1.007691863757389,0.2971988550607627,-1.6666666666666667,-0.5,-1.0,398,847,,-0.12591750124508302,0.08540214445825303,-0.39285714285714257,0.45833333333333337,-0.12878787878787867,-0.679540844442647,0.3701122587243386,-1.623076923076923,0.8333333333333331,-0.47916666666666685,236,959,,0.0415762777465085,0.06605916561604624,-0.18333333333333313,0.1955128205128207,0.041666666666666796,-0.682318728600181,0.2899257779595917,-1.2823529411764705,0.2727272727272727,-0.7118298368298368,74,436,1.114678899082569,-0.4549331404732935,0.10807439179245631,-0.7749999999999999,0.0,-0.4666666666666668,-1.0089643015790246,0.1956997431709853,-1.6515151515151514,-0.33333333333333337,-1.0476190476190477,236,523,,-0.4463262475920704,0.1407213498907709,-0.7749999999999999,0.25,-0.4666666666666668,-0.9955390048970518,0.22697498921992024,-1.6515151515151514,0.0,-1.0476190476190477,251,553,,-0.43860237370226274,0.16426083954469758,-0.7749999999999999,0.25,-0.466666666666667,-0.9832134342299816,0.24986647285974295,-1.6823529411764706,0.0,-1.0256410256410255,266,583,,-0.4226907701918716,0.19599204721965738,-0.7916666666666667,0.25,-0.47435897435897467,-0.9609431844949253,0.2860608800501799,-1.7129186602870814,0.0,-1.0000000000000002,296,643,
00519.cnf,10,55,,-0.27179591836734696,0.1191405704177191,-0.6666666666666665,0.09523809523809512,-0.26666666666666683,-0.8398956916099773,0.25070588447600956,-1.6666666666666665,-0.19047619047619058,-0.8333333333333333,75,175,,-0.21333837936341637,0.10952897123004947,-0.5490196078431373,0.07692307692307687,-0.2318840579710144,-1.0441918582606429,0.09959296081467986,-1.1865942028985508,-0.717948717948718,-1.058823529411765,65,165,,-0.3895314042682464,0.13266579041443394,-0.7500000000000002,0.09523809523809512,-0.375,-0.9079530897951951,0.2663935485064281,-1.6666666666666665,-0.19047619047619058,-0.8333333333333333,130,285,,0.026096455288363584,0.06184673805198508,-0.21980676328502446,0.1634782608695654,0.03565980167810834,-0.43567727705669074,0.16863999272533373,-1.090537084398977,0.015652173913043632,-0.4057971014492753,75,278,,0.29386179489334835,0.047743195482176475,0.1875,0.423076923076923,0.2961538461538463,0.09334368728179408,0.3297761397490786,-0.75,0.8461538461538461,0.08205128205128215,20,103,1.6019417475728155,-0.27179591836734696,0.1191405704177191,-0.6666666666666665,0.09523809523809512,-0.26666666666666683,-0.8398956916099773,0.25070588447600956,-1.6666666666666665,-0.19047619047619058,-0.8333333333333333,75,175,,-0.2658876489364294,0.1567098093016872,-0.641025641025641,0.25,-0.2820512820512817,-0.8592977415538391,0.27850071294161366,-1.675,0.0,-0.8717948717948718,90,205,,-0.26138826008506855,0.17624961284151408,-0.6076923076923078,0.25,-0.29166666666666674,-0.8580160796650159,0.30325127223264947,-1.6931818181818181,0.0,-0.888888888888889,105,235,,-0.24854690977572333,0.2053014673877242,-0.6000000000000003,0.25,-0.30000000000000004,-0.8834578180764623,0.3558447392461932,-1.7348484848484849,0.0,-0.95,135,295,
00520.cnf,12,62,,-0.3340701841648811,0.10713712174625926,-0.5773809523809521,0.0,-0.34090909090909083,-0.9304077936653695,0.2348926354389886,-1.6,-0.3333333333333335,-0.9333333333333333,86,198,,-0.28546908499470164,0.1038275136057764,-0.5490196078431373,-0.06060606060606055,-0.2777777777777777,-1.0079853343531395,0.10834688376570212,-1.1547619047619049,-0.6060606060606062,-1.0444444444444447,74,186,,-0.4146711584616662,0.11528351337069848,-0.7786561264822138,0.0,-0.4099025974025974,-0.963082607448662,0.2787649045659493,-1.6,-0.3333333333333335,-0.9130434782608696,148,322,,0.025334230606711222,0.05709595409516988,-0.14374999999999982,0.16666666666666696,0.030279503105590133,-0.45316500010022276,0.17350325318076995,-1.1874999999999998,-0.07130434782608697,-0.40952380952380957,86,339,,0.278922100620276,0.05750233043686405,0.14957264957264993,0.3999999999999999,0.2812500000000001,0.007409810381301593,0.3322283890728511,-0.8632478632478633,0.7747252747252749,0.026515151515151547,24,141,1.3191489361702127,-0.3340701841648811,0.10713712174625926,-0.5773809523809521,0.0,-0.34090909090909083,-0.9304077936653695,0.2348926354389886,-1.6,-0.3333333333333335,-0.9333333333333333,86,198,,-0.31976113555060925,0.1524850440828223,-0.5833333333333333,0.25,-0.3541666666666665,-0.9074300942721997,0.27787598464319824,-1.6388888888888888,0.0,-0.9333333333333333,101,228,,-0.3133273035547318,0.18180630840242748,-0.6029411764705879,0.25,-0.35,-0.8954739688922316,0.30596935826865934,-1.6666666666666667,0.0,-0.9333333333333333,116,258,,-0.3013479896803981,0.21520237683421511,-0.6323529411764706,0.25,-0.3666666666666668,-0.8891151730150064,0.3428776917591199,-1.7032967032967032,0.0,-0.9696969696969697,146,318,
